shopID,shopName,ownerUserID
1,Shop_Le_Nha_Minh,1140
2,Shop_Fashion_2,6514
3,Shop_Vo_Thanh_Cuong,5268
4,Shop_Dang_Hong_Cuong,6409
5,Shop_Dang_Hoang_An,2919
6,Shop_Pham_Thanh_Nam,7538
7,Shop_Nguyen_Hoang_Phuc,5777
8,Shop_Accessories_8,2781
9,Shop_Vo_Hong_Phuc,6023
10,Shop_Accessories_10,413
11,Shop_Vo_Hoang_Minh,5120
12,Shop_Fashion_12,1029
13,Shop_Nguyen_Thanh_Nam,3443
14,Shop_Nguyen_Hoang_Cuong,4466
15,Shop_Pham_Nha_An,2165
16,Shop_Lumina Studio_16,3412
17,Shop_Fashion_17,6447
18,Shop_Accessories_18,6029
19,Shop_Tran_Thanh_Long,596
20,Shop_Vo_Thanh_Dung,6899
21,Shop_Huynh_Hong_Dung,963
22,Shop_Huynh_Hoang_Long,1190
23,Shop_Fashion_23,3345
24,Shop_Saffron & Sage_24,510
25,Shop_Zestie_25,8263
26,Shop_Le_Hoang_Khanh,552
27,Shop_Lumina Studio_27,1556
28,Shop_Lumina Studio_28,2534
29,Shop_Saffron & Sage_29,8158
30,Shop_Nguyen_Thanh_Cuong,1404
31,Shop_Saffron & Sage_31,6834
32,Shop_Zestie_32,9330
33,Shop_Tran_Nha_Khanh,1343
34,Shop_Pham_Nha_Khanh,5444
35,Shop_Dang_Hong_Nam,7263
36,Shop_Tran_Hoang_Nam,348
37,Shop_Saffron & Sage_37,3960
38,Shop_Nguyen_Nha_Dung,2095
39,Shop_Accessories_39,1549
40,Shop_Saffron & Sage_40,6211
41,Shop_Dang_Hoang_Long,9917
42,Shop_Saffron & Sage_42,4045
43,Shop_Huynh_Hoang_Minh,2617
44,Shop_Accessories_44,7179
45,Shop_Tran_Hong_An,7101
46,Shop_Accessories_46,2690
47,Shop_Saffron & Sage_47,1834
48,Shop_Saffron & Sage_48,4921
49,Shop_Le_Thanh_Dung,1154
50,Shop_Accessories_50,6292
51,Shop_Zestie_51,4406
52,Shop_Hoang_Thanh_An,625
53,Shop_Le_Trong_Dung,9855
54,Shop_Nguyen_Nha_Khanh,5681
55,Shop_Accessories_55,4621
56,Shop_Saffron & Sage_56,2423
57,Shop_Lumina Studio_57,6233
58,Shop_Accessories_58,3924
59,Shop_Le_Trong_Huy,17
60,Shop_Saffron & Sage_60,9925
61,Shop_Lumina Studio_61,3345
62,Shop_Fashion_62,2434
63,Shop_Vo_Hong_Phuc,2770
64,Shop_Tran_Trong_An,3573
65,Shop_Zestie_65,296
66,Shop_Accessories_66,5483
67,Shop_Lumina Studio_67,7843
68,Shop_Fashion_68,5932
69,Shop_Zestie_69,2617
70,Shop_Le_Trong_Nam,9203
71,Shop_Zestie_71,9802
72,Shop_Zestie_72,1520
73,Shop_Saffron & Sage_73,8640
74,Shop_Dang_Hoang_Khanh,2840
75,Shop_Zestie_75,7327
76,Shop_Saffron & Sage_76,8471
77,Shop_Lumina Studio_77,2524
78,Shop_Vo_Trong_Khanh,6842
79,Shop_Accessories_79,797
80,Shop_Zestie_80,8170
81,Shop_Zestie_81,634
82,Shop_Nguyen_Nha_Phuc,2738
83,Shop_Zestie_83,9983
84,Shop_Accessories_84,2384
85,Shop_Accessories_85,3135
86,Shop_Zestie_86,3267
87,Shop_Lumina Studio_87,5304
88,Shop_Le_Thanh_Nam,1966
89,Shop_Lumina Studio_89,4196
90,Shop_Zestie_90,7765
91,Shop_Accessories_91,4347
92,Shop_Huynh_Hoang_Nam,5821
93,Shop_Fashion_93,8922
94,Shop_Tran_Trong_Huy,8932
95,Shop_Fashion_95,9771
96,Shop_Zestie_96,8510
97,Shop_Vo_Hong_Minh,5284
98,Shop_Huynh_Hong_Minh,9524
99,Shop_Accessories_99,1620
100,Shop_Lumina Studio_100,3735
101,Shop_Lumina Studio_101,2507
102,Shop_Accessories_102,2388
103,Shop_Saffron & Sage_103,5878
104,Shop_Vo_Hong_Cuong,68
105,Shop_Accessories_105,5468
106,Shop_Zestie_106,123
107,Shop_Tran_Trong_Huy,108
108,Shop_Saffron & Sage_108,3943
109,Shop_Zestie_109,9516
110,Shop_Le_Thanh_Long,152
111,Shop_Fashion_111,7216
112,Shop_Accessories_112,7088
113,Shop_Saffron & Sage_113,7505
114,Shop_Zestie_114,3878
115,Shop_Tran_Nha_Phuc,6027
116,Shop_Hoang_Trong_Dung,9869
117,Shop_Hoang_Hoang_Huy,6770
118,Shop_Saffron & Sage_118,1187
119,Shop_Saffron & Sage_119,7633
120,Shop_Nguyen_Thanh_Huy,9500
121,Shop_Huynh_Trong_Phuc,5118
122,Shop_Vo_Nha_Nam,3316
123,Shop_Dang_Thanh_Binh,5739
124,Shop_Saffron & Sage_124,4247
125,Shop_Hoang_Nha_Huy,7614
126,Shop_Le_Hong_Binh,9505
127,Shop_Huynh_Trong_An,2405
128,Shop_Dang_Trong_Khanh,1766
129,Shop_Hoang_Hoang_Dung,9805
130,Shop_Zestie_130,1815
131,Shop_Fashion_131,4739
132,Shop_Accessories_132,3889
133,Shop_Pham_Hoang_Khanh,4693
134,Shop_Zestie_134,6023
135,Shop_Hoang_Thanh_Cuong,7217
136,Shop_Saffron & Sage_136,1027
137,Shop_Lumina Studio_137,4413
138,Shop_Le_Trong_Long,1006
139,Shop_Huynh_Hoang_Long,5188
140,Shop_Saffron & Sage_140,9246
141,Shop_Vo_Nha_Minh,8632
142,Shop_Lumina Studio_142,2162
143,Shop_Tran_Hong_Minh,100
144,Shop_Zestie_144,7173
145,Shop_Nguyen_Trong_Cuong,3565
146,Shop_Lumina Studio_146,4674
147,Shop_Tran_Hong_Nam,3936
148,Shop_Zestie_148,4321
149,Shop_Vo_Nha_Cuong,6147
150,Shop_Accessories_150,2578
151,Shop_Fashion_151,6423
152,Shop_Vo_Hong_Cuong,4509
153,Shop_Accessories_153,2700
154,Shop_Nguyen_Hong_Binh,2393
155,Shop_Fashion_155,8257
156,Shop_Vo_Hong_Huy,8301
157,Shop_Saffron & Sage_157,6199
158,Shop_Saffron & Sage_158,935
159,Shop_Dang_Nha_Khanh,7745
160,Shop_Tran_Nha_Cuong,5757
161,Shop_Nguyen_Thanh_Khanh,4406
162,Shop_Lumina Studio_162,8721
163,Shop_Accessories_163,6861
164,Shop_Nguyen_Nha_Long,4247
165,Shop_Fashion_165,4529
166,Shop_Le_Nha_Huy,4561
167,Shop_Le_Thanh_Binh,7798
168,Shop_Saffron & Sage_168,646
169,Shop_Lumina Studio_169,8901
170,Shop_Accessories_170,9036
171,Shop_Saffron & Sage_171,4366
172,Shop_Hoang_Nha_Minh,3303
173,Shop_Dang_Nha_Khanh,5350
174,Shop_Accessories_174,2375
175,Shop_Zestie_175,1951
176,Shop_Zestie_176,2249
177,Shop_Saffron & Sage_177,8254
178,Shop_Pham_Hoang_Khanh,9581
179,Shop_Vo_Hoang_Khanh,1082
180,Shop_Zestie_180,8759
181,Shop_Fashion_181,4768
182,Shop_Accessories_182,8348
183,Shop_Hoang_Thanh_Binh,8363
184,Shop_Accessories_184,7082
185,Shop_Zestie_185,4235
186,Shop_Accessories_186,6227
187,Shop_Fashion_187,4209
188,Shop_Vo_Trong_Binh,3960
189,Shop_Tran_Thanh_Minh,2013
190,Shop_Dang_Hoang_Khanh,3162
191,Shop_Zestie_191,2129
192,Shop_Zestie_192,5148
193,Shop_Zestie_193,402
194,Shop_Nguyen_Trong_Long,7455
195,Shop_Tran_Nha_Long,5761
196,Shop_Fashion_196,3557
197,Shop_Zestie_197,3435
198,Shop_Lumina Studio_198,8750
199,Shop_Zestie_199,4520
200,Shop_Zestie_200,4253
201,Shop_Lumina Studio_201,7964
202,Shop_Vo_Nha_Binh,7783
203,Shop_Tran_Hoang_An,4456
204,Shop_Huynh_Trong_Binh,808
205,Shop_Zestie_205,2794
206,Shop_Nguyen_Thanh_Khanh,9758
207,Shop_Accessories_207,694
208,Shop_Zestie_208,9933
209,Shop_Tran_Trong_Minh,5562
210,Shop_Saffron & Sage_210,7746
211,Shop_Saffron & Sage_211,399
212,Shop_Fashion_212,4143
213,Shop_Zestie_213,3480
214,Shop_Nguyen_Thanh_Minh,9509
215,Shop_Zestie_215,3066
216,Shop_Accessories_216,9510
217,Shop_Lumina Studio_217,8323
218,Shop_Saffron & Sage_218,9253
219,Shop_Huynh_Nha_Long,3591
220,Shop_Saffron & Sage_220,5674
221,Shop_Vo_Thanh_Phuc,9047
222,Shop_Zestie_222,6282
223,Shop_Dang_Thanh_Binh,3174
224,Shop_Tran_Hoang_Dung,9741
225,Shop_Nguyen_Thanh_Minh,2920
226,Shop_Lumina Studio_226,2177
227,Shop_Lumina Studio_227,7775
228,Shop_Fashion_228,1105
229,Shop_Fashion_229,1232
230,Shop_Le_Thanh_Minh,3206
231,Shop_Dang_Trong_Khanh,6488
232,Shop_Vo_Hoang_Cuong,4564
233,Shop_Pham_Nha_Phuc,9308
234,Shop_Zestie_234,3343
235,Shop_Lumina Studio_235,492
236,Shop_Zestie_236,3625
237,Shop_Pham_Hong_Khanh,4050
238,Shop_Hoang_Hong_Phuc,7650
239,Shop_Huynh_Hoang_Dung,9118
240,Shop_Nguyen_Hong_Huy,9081
241,Shop_Zestie_241,1469
242,Shop_Pham_Hoang_Binh,9781
243,Shop_Le_Thanh_Phuc,4224
244,Shop_Le_Nha_Phuc,5519
245,Shop_Zestie_245,3533
246,Shop_Fashion_246,2447
247,Shop_Tran_Hong_Minh,3408
248,Shop_Pham_Hoang_Minh,264
249,Shop_Fashion_249,71
250,Shop_Accessories_250,1996
251,Shop_Zestie_251,2432
252,Shop_Hoang_Thanh_Phuc,2089
253,Shop_Accessories_253,6339
254,Shop_Zestie_254,9289
255,Shop_Zestie_255,7857
256,Shop_Le_Nha_Khanh,2817
257,Shop_Fashion_257,8988
258,Shop_Fashion_258,5413
259,Shop_Nguyen_Hong_Dung,5382
260,Shop_Fashion_260,3005
261,Shop_Tran_Trong_Khanh,6550
262,Shop_Nguyen_Hong_Phuc,1871
263,Shop_Saffron & Sage_263,7905
264,Shop_Lumina Studio_264,6100
265,Shop_Huynh_Hong_Huy,2666
266,Shop_Accessories_266,7345
267,Shop_Saffron & Sage_267,5809
268,Shop_Accessories_268,8482
269,Shop_Accessories_269,7310
270,Shop_Zestie_270,3880
271,Shop_Dang_Hoang_Minh,9804
272,Shop_Saffron & Sage_272,7318
273,Shop_Fashion_273,7007
274,Shop_Saffron & Sage_274,1853
275,Shop_Fashion_275,3076
276,Shop_Tran_Trong_Binh,3150
277,Shop_Huynh_Hong_Minh,1707
278,Shop_Zestie_278,8850
279,Shop_Zestie_279,6682
280,Shop_Huynh_Hong_An,2786
281,Shop_Pham_Thanh_Binh,638
282,Shop_Lumina Studio_282,3563
283,Shop_Lumina Studio_283,8705
284,Shop_Accessories_284,2287
285,Shop_Hoang_Thanh_Khanh,8164
286,Shop_Nguyen_Hong_Cuong,4691
287,Shop_Saffron & Sage_287,6535
288,Shop_Fashion_288,748
289,Shop_Saffron & Sage_289,5372
290,Shop_Zestie_290,8221
291,Shop_Tran_Trong_An,3573
292,Shop_Lumina Studio_292,5353
293,Shop_Fashion_293,7046
294,Shop_Fashion_294,8705
295,Shop_Dang_Thanh_Minh,443
296,Shop_Nguyen_Hoang_Binh,6360
297,Shop_Pham_Thanh_Nam,5930
298,Shop_Fashion_298,9856
299,Shop_Saffron & Sage_299,7033
300,Shop_Accessories_300,7475
301,Shop_Nguyen_Nha_Huy,8177
302,Shop_Huynh_Thanh_Cuong,6314
303,Shop_Nguyen_Thanh_Khanh,4264
304,Shop_Zestie_304,4421
305,Shop_Tran_Trong_Cuong,2518
306,Shop_Dang_Hong_Cuong,5856
307,Shop_Pham_Thanh_Huy,4202
308,Shop_Le_Hoang_Nam,2045
309,Shop_Pham_Nha_Nam,5645
310,Shop_Hoang_Hong_Nam,4042
311,Shop_Hoang_Hong_Huy,7453
312,Shop_Huynh_Nha_Khanh,4139
313,Shop_Zestie_313,413
314,Shop_Tran_Trong_Huy,2923
315,Shop_Dang_Nha_Phuc,8598
316,Shop_Accessories_316,7245
317,Shop_Zestie_317,4788
318,Shop_Dang_Thanh_Long,1095
319,Shop_Tran_Nha_Phuc,1945
320,Shop_Zestie_320,1955
321,Shop_Accessories_321,5812
322,Shop_Saffron & Sage_322,3150
323,Shop_Zestie_323,1110
324,Shop_Pham_Nha_Long,2848
325,Shop_Le_Hong_Binh,6951
326,Shop_Lumina Studio_326,7180
327,Shop_Pham_Nha_Binh,2297
328,Shop_Saffron & Sage_328,9342
329,Shop_Lumina Studio_329,990
330,Shop_Fashion_330,5451
331,Shop_Dang_Hoang_Huy,2534
332,Shop_Saffron & Sage_332,8312
333,Shop_Fashion_333,6573
334,Shop_Vo_Thanh_Phuc,1923
335,Shop_Pham_Thanh_Phuc,4506
336,Shop_Dang_Hong_Dung,4743
337,Shop_Hoang_Nha_Binh,1921
338,Shop_Lumina Studio_338,2253
339,Shop_Accessories_339,6406
340,Shop_Fashion_340,4318
341,Shop_Lumina Studio_341,3511
342,Shop_Huynh_Hoang_Minh,6151
343,Shop_Saffron & Sage_343,2249
344,Shop_Pham_Thanh_Dung,5055
345,Shop_Le_Nha_Binh,235
346,Shop_Nguyen_Hoang_Cuong,6014
347,Shop_Pham_Thanh_An,6545
348,Shop_Fashion_348,109
349,Shop_Accessories_349,8283
350,Shop_Pham_Trong_Dung,5584
351,Shop_Accessories_351,1490
352,Shop_Saffron & Sage_352,161
353,Shop_Huynh_Thanh_An,9754
354,Shop_Zestie_354,4639
355,Shop_Zestie_355,9184
356,Shop_Dang_Hoang_Phuc,4927
357,Shop_Le_Thanh_Binh,1803
358,Shop_Zestie_358,8234
359,Shop_Accessories_359,6730
360,Shop_Fashion_360,7468
361,Shop_Fashion_361,5974
362,Shop_Saffron & Sage_362,8746
363,Shop_Nguyen_Hong_Phuc,7891
364,Shop_Nguyen_Hoang_Phuc,1110
365,Shop_Fashion_365,3095
366,Shop_Fashion_366,3890
367,Shop_Lumina Studio_367,6700
368,Shop_Le_Trong_Cuong,6112
369,Shop_Tran_Thanh_Huy,1139
370,Shop_Huynh_Nha_Huy,7301
371,Shop_Accessories_371,1487
372,Shop_Saffron & Sage_372,2309
373,Shop_Fashion_373,5032
374,Shop_Zestie_374,7633
375,Shop_Le_Thanh_Cuong,5943
376,Shop_Lumina Studio_376,7090
377,Shop_Fashion_377,5253
378,Shop_Zestie_378,9219
379,Shop_Saffron & Sage_379,3266
380,Shop_Saffron & Sage_380,8212
381,Shop_Tran_Hong_Minh,5087
382,Shop_Zestie_382,2935
383,Shop_Fashion_383,7364
384,Shop_Lumina Studio_384,5139
385,Shop_Accessories_385,8087
386,Shop_Le_Nha_Binh,6584
387,Shop_Saffron & Sage_387,2287
388,Shop_Accessories_388,3937
389,Shop_Saffron & Sage_389,2109
390,Shop_Lumina Studio_390,9091
391,Shop_Vo_Nha_Phuc,7316
392,Shop_Pham_Hong_An,9400
393,Shop_Lumina Studio_393,7908
394,Shop_Fashion_394,381
395,Shop_Lumina Studio_395,7980
396,Shop_Fashion_396,2386
397,Shop_Accessories_397,2364
398,Shop_Zestie_398,6136
399,Shop_Fashion_399,5831
400,Shop_Saffron & Sage_400,8090
401,Shop_Lumina Studio_401,810
402,Shop_Dang_Thanh_Khanh,2086
403,Shop_Fashion_403,6816
404,Shop_Dang_Thanh_Long,1564
405,Shop_Zestie_405,2643
406,Shop_Fashion_406,544
407,Shop_Lumina Studio_407,9249
408,Shop_Saffron & Sage_408,8631
409,Shop_Saffron & Sage_409,8651
410,Shop_Lumina Studio_410,3887
411,Shop_Accessories_411,1792
412,Shop_Fashion_412,162
413,Shop_Zestie_413,5855
414,Shop_Dang_Hong_Phuc,533
415,Shop_Nguyen_Trong_Phuc,2459
416,Shop_Hoang_Trong_Minh,2417
417,Shop_Fashion_417,4912
418,Shop_Saffron & Sage_418,6895
419,Shop_Nguyen_Trong_Dung,936
420,Shop_Zestie_420,8553
421,Shop_Vo_Hong_Khanh,4764
422,Shop_Zestie_422,5625
423,Shop_Accessories_423,9743
424,Shop_Huynh_Hong_Cuong,9772
425,Shop_Vo_Thanh_Cuong,2514
426,Shop_Zestie_426,9672
427,Shop_Nguyen_Hoang_Dung,8143
428,Shop_Fashion_428,3567
429,Shop_Lumina Studio_429,8083
430,Shop_Saffron & Sage_430,3693
431,Shop_Fashion_431,3341
432,Shop_Accessories_432,3460
433,Shop_Hoang_Hong_An,7059
434,Shop_Tran_Nha_Minh,9266
435,Shop_Vo_Hoang_Nam,2456
436,Shop_Lumina Studio_436,3278
437,Shop_Lumina Studio_437,7706
438,Shop_Zestie_438,4189
439,Shop_Fashion_439,30
440,Shop_Zestie_440,6994
441,Shop_Hoang_Hong_Dung,928
442,Shop_Accessories_442,2940
443,Shop_Accessories_443,4467
444,Shop_Fashion_444,2696
445,Shop_Nguyen_Hong_Nam,1150
446,Shop_Zestie_446,53
447,Shop_Lumina Studio_447,5413
448,Shop_Fashion_448,5810
449,Shop_Huynh_Nha_Nam,2488
450,Shop_Dang_Hoang_Cuong,3490
451,Shop_Le_Thanh_Binh,5161
452,Shop_Huynh_Hoang_Phuc,9231
453,Shop_Tran_Trong_Cuong,2146
454,Shop_Fashion_454,3786
455,Shop_Saffron & Sage_455,6621
456,Shop_Saffron & Sage_456,8284
457,Shop_Accessories_457,6563
458,Shop_Hoang_Nha_An,1631
459,Shop_Fashion_459,8014
460,Shop_Fashion_460,3920
461,Shop_Saffron & Sage_461,2147
462,Shop_Hoang_Trong_Dung,9396
463,Shop_Saffron & Sage_463,2799
464,Shop_Lumina Studio_464,8653
465,Shop_Pham_Thanh_Huy,465
466,Shop_Zestie_466,9534
467,Shop_Accessories_467,3878
468,Shop_Zestie_468,3255
469,Shop_Hoang_Nha_Dung,7955
470,Shop_Saffron & Sage_470,6856
471,Shop_Zestie_471,182
472,Shop_Accessories_472,7058
473,Shop_Lumina Studio_473,9782
474,Shop_Fashion_474,1324
475,Shop_Accessories_475,8836
476,Shop_Fashion_476,3076
477,Shop_Huynh_Hong_Minh,9299
478,Shop_Saffron & Sage_478,360
479,Shop_Lumina Studio_479,5235
480,Shop_Saffron & Sage_480,5995
481,Shop_Accessories_481,153
482,Shop_Pham_Thanh_Cuong,8337
483,Shop_Saffron & Sage_483,1690
484,Shop_Saffron & Sage_484,5372
485,Shop_Fashion_485,1301
486,Shop_Tran_Nha_Binh,9599
487,Shop_Accessories_487,3576
488,Shop_Lumina Studio_488,4891
489,Shop_Le_Hoang_Minh,7960
490,Shop_Accessories_490,7306
491,Shop_Zestie_491,4361
492,Shop_Accessories_492,5872
493,Shop_Saffron & Sage_493,8874
494,Shop_Tran_Trong_Huy,8919
495,Shop_Le_Trong_Khanh,9123
496,Shop_Le_Hoang_Phuc,6529
497,Shop_Vo_Trong_Khanh,7412
498,Shop_Lumina Studio_498,6128
499,Shop_Lumina Studio_499,5259
500,Shop_Fashion_500,4424
501,Shop_Huynh_Nha_An,2689
502,Shop_Accessories_502,1525
503,Shop_Vo_Thanh_Dung,9836
504,Shop_Zestie_504,6284
505,Shop_Dang_Hoang_Huy,243
506,Shop_Accessories_506,2508
507,Shop_Zestie_507,1467
508,Shop_Le_Hong_An,7312
509,Shop_Saffron & Sage_509,3625
510,Shop_Lumina Studio_510,9518
511,Shop_Tran_Hong_Phuc,5573
512,Shop_Vo_Trong_Nam,1625
513,Shop_Accessories_513,70
514,Shop_Dang_Trong_Huy,1893
515,Shop_Accessories_515,756
516,Shop_Hoang_Hoang_Phuc,1907
517,Shop_Accessories_517,586
518,Shop_Pham_Thanh_Long,6618
519,Shop_Saffron & Sage_519,8343
520,Shop_Lumina Studio_520,7425
521,Shop_Lumina Studio_521,1178
522,Shop_Accessories_522,429
523,Shop_Nguyen_Hoang_Dung,7074
524,Shop_Lumina Studio_524,579
525,Shop_Saffron & Sage_525,8509
526,Shop_Vo_Thanh_An,8217
527,Shop_Tran_Trong_Phuc,6593
528,Shop_Lumina Studio_528,4815
529,Shop_Huynh_Trong_Dung,1853
530,Shop_Vo_Thanh_Binh,7639
531,Shop_Dang_Hoang_An,4123
532,Shop_Fashion_532,848
533,Shop_Dang_Trong_An,4912
534,Shop_Lumina Studio_534,6448
535,Shop_Saffron & Sage_535,829
536,Shop_Zestie_536,5694
537,Shop_Accessories_537,8932
538,Shop_Saffron & Sage_538,1617
539,Shop_Huynh_Hong_Binh,5148
540,Shop_Accessories_540,1866
541,Shop_Hoang_Hong_Khanh,4068
542,Shop_Accessories_542,2111
543,Shop_Fashion_543,1560
544,Shop_Le_Hoang_Phuc,7186
545,Shop_Hoang_Hong_Cuong,5715
546,Shop_Saffron & Sage_546,9771
547,Shop_Fashion_547,9335
548,Shop_Saffron & Sage_548,8500
549,Shop_Lumina Studio_549,1512
550,Shop_Fashion_550,8564
551,Shop_Nguyen_Trong_Khanh,8444
552,Shop_Pham_Nha_Huy,3456
553,Shop_Zestie_553,2233
554,Shop_Lumina Studio_554,6531
555,Shop_Fashion_555,3312
556,Shop_Hoang_Hoang_Dung,6078
557,Shop_Lumina Studio_557,5042
558,Shop_Lumina Studio_558,5811
559,Shop_Lumina Studio_559,6221
560,Shop_Dang_Trong_Binh,3102
561,Shop_Lumina Studio_561,2388
562,Shop_Vo_Hong_Long,9930
563,Shop_Tran_Hoang_An,7975
564,Shop_Hoang_Nha_Huy,6096
565,Shop_Vo_Trong_Long,6208
566,Shop_Hoang_Thanh_Phuc,7560
567,Shop_Fashion_567,9863
568,Shop_Vo_Hoang_Dung,688
569,Shop_Accessories_569,4002
570,Shop_Accessories_570,6812
571,Shop_Pham_Hong_Phuc,4954
572,Shop_Saffron & Sage_572,1774
573,Shop_Saffron & Sage_573,7027
574,Shop_Fashion_574,3075
575,Shop_Lumina Studio_575,9265
576,Shop_Dang_Hong_Nam,1340
577,Shop_Accessories_577,2046
578,Shop_Hoang_Nha_Minh,3890
579,Shop_Huynh_Thanh_Huy,1341
580,Shop_Le_Trong_Long,5142
581,Shop_Accessories_581,4360
582,Shop_Huynh_Trong_Huy,3978
583,Shop_Nguyen_Hong_Long,687
584,Shop_Lumina Studio_584,420
585,Shop_Le_Hoang_An,8709
586,Shop_Accessories_586,2256
587,Shop_Accessories_587,152
588,Shop_Tran_Hong_Cuong,9293
589,Shop_Fashion_589,5983
590,Shop_Le_Hoang_Cuong,5438
591,Shop_Lumina Studio_591,6197
592,Shop_Lumina Studio_592,7499
593,Shop_Saffron & Sage_593,8231
594,Shop_Hoang_Thanh_Minh,7644
595,Shop_Fashion_595,9863
596,Shop_Zestie_596,7504
597,Shop_Fashion_597,6788
598,Shop_Vo_Trong_Minh,5240
599,Shop_Huynh_Hong_Phuc,6421
600,Shop_Nguyen_Hoang_Long,509
601,Shop_Fashion_601,9978
602,Shop_Tran_Nha_Binh,1337
603,Shop_Nguyen_Nha_An,9547
604,Shop_Pham_Trong_Cuong,3583
605,Shop_Accessories_605,1441
606,Shop_Huynh_Thanh_Khanh,4191
607,Shop_Zestie_607,4765
608,Shop_Fashion_608,3135
609,Shop_Huynh_Nha_Binh,2358
610,Shop_Accessories_610,8186
611,Shop_Tran_Trong_Minh,6622
612,Shop_Fashion_612,904
613,Shop_Nguyen_Hong_An,2166
614,Shop_Zestie_614,3859
615,Shop_Saffron & Sage_615,5503
616,Shop_Saffron & Sage_616,5234
617,Shop_Lumina Studio_617,9014
618,Shop_Dang_Hoang_An,1531
619,Shop_Accessories_619,2324
620,Shop_Zestie_620,9220
621,Shop_Nguyen_Thanh_Dung,5325
622,Shop_Hoang_Hong_Nam,7723
623,Shop_Saffron & Sage_623,9008
624,Shop_Tran_Nha_Khanh,1343
625,Shop_Pham_Nha_Khanh,9426
626,Shop_Saffron & Sage_626,2906
627,Shop_Fashion_627,8600
628,Shop_Hoang_Nha_Phuc,4983
629,Shop_Zestie_629,5855
630,Shop_Saffron & Sage_630,6795
631,Shop_Zestie_631,9381
632,Shop_Pham_Hoang_Huy,5751
633,Shop_Lumina Studio_633,3741
634,Shop_Saffron & Sage_634,3562
635,Shop_Lumina Studio_635,7069
636,Shop_Fashion_636,3635
637,Shop_Saffron & Sage_637,1403
638,Shop_Nguyen_Hoang_Nam,3190
639,Shop_Lumina Studio_639,8480
640,Shop_Accessories_640,5651
641,Shop_Zestie_641,2890
642,Shop_Dang_Trong_Long,3979
643,Shop_Accessories_643,6693
644,Shop_Nguyen_Hong_Binh,1431
645,Shop_Le_Thanh_Cuong,3760
646,Shop_Saffron & Sage_646,31
647,Shop_Accessories_647,6015
648,Shop_Fashion_648,3032
649,Shop_Lumina Studio_649,6899
650,Shop_Fashion_650,4980
651,Shop_Pham_Hong_An,7834
652,Shop_Zestie_652,8055
653,Shop_Nguyen_Hoang_Binh,3119
654,Shop_Accessories_654,9218
655,Shop_Pham_Trong_Cuong,2176
656,Shop_Le_Thanh_Nam,7741
657,Shop_Fashion_657,4899
658,Shop_Accessories_658,9870
659,Shop_Vo_Nha_Long,9342
660,Shop_Saffron & Sage_660,5072
661,Shop_Zestie_661,8900
662,Shop_Saffron & Sage_662,3409
663,Shop_Vo_Nha_Cuong,6199
664,Shop_Le_Hong_Minh,2302
665,Shop_Fashion_665,3880
666,Shop_Fashion_666,8312
667,Shop_Accessories_667,573
668,Shop_Vo_Nha_Khanh,786
669,Shop_Accessories_669,1891
670,Shop_Tran_Thanh_Binh,6404
671,Shop_Saffron & Sage_671,7916
672,Shop_Nguyen_Thanh_Dung,6131
673,Shop_Pham_Thanh_Nam,3498
674,Shop_Nguyen_Thanh_Phuc,2636
675,Shop_Zestie_675,5467
676,Shop_Nguyen_Trong_Minh,4717
677,Shop_Pham_Nha_Long,3237
678,Shop_Pham_Hoang_Minh,1823
679,Shop_Lumina Studio_679,4183
680,Shop_Tran_Nha_Minh,7294
681,Shop_Accessories_681,3474
682,Shop_Pham_Hoang_Cuong,541
683,Shop_Dang_Thanh_Dung,4875
684,Shop_Lumina Studio_684,9051
685,Shop_Accessories_685,2873
686,Shop_Accessories_686,974
687,Shop_Accessories_687,9898
688,Shop_Fashion_688,532
689,Shop_Fashion_689,3820
690,Shop_Nguyen_Thanh_Cuong,91
691,Shop_Zestie_691,7426
692,Shop_Zestie_692,1933
693,Shop_Lumina Studio_693,3595
694,Shop_Accessories_694,7345
695,Shop_Le_Hong_Binh,6382
696,Shop_Pham_Hong_Huy,2917
697,Shop_Huynh_Nha_Huy,2065
698,Shop_Fashion_698,4826
699,Shop_Vo_Hoang_An,8057
700,Shop_Dang_Nha_Khanh,2661
701,Shop_Accessories_701,6653
702,Shop_Le_Nha_Phuc,6685
703,Shop_Pham_Trong_Huy,35
704,Shop_Vo_Hoang_Cuong,9635
705,Shop_Zestie_705,3866
706,Shop_Accessories_706,7593
707,Shop_Accessories_707,6617
708,Shop_Vo_Trong_Long,2
709,Shop_Accessories_709,280
710,Shop_Fashion_710,9045
711,Shop_Fashion_711,5498
712,Shop_Vo_Hong_Nam,4381
713,Shop_Zestie_713,5773
714,Shop_Fashion_714,2805
715,Shop_Le_Hoang_Cuong,9330
716,Shop_Lumina Studio_716,4304
717,Shop_Zestie_717,5468
718,Shop_Accessories_718,4366
719,Shop_Lumina Studio_719,6885
720,Shop_Dang_Hoang_Nam,6498
721,Shop_Fashion_721,332
722,Shop_Lumina Studio_722,114
723,Shop_Zestie_723,1600
724,Shop_Dang_Trong_Huy,1975
725,Shop_Fashion_725,1821
726,Shop_Accessories_726,4363
727,Shop_Vo_Nha_Long,1814
728,Shop_Accessories_728,7808
729,Shop_Vo_Trong_Nam,5297
730,Shop_Nguyen_Hong_Binh,1779
731,Shop_Fashion_731,945
732,Shop_Huynh_Trong_Dung,9768
733,Shop_Saffron & Sage_733,9018
734,Shop_Le_Nha_Phuc,9323
735,Shop_Accessories_735,42
736,Shop_Le_Nha_Khanh,2817
737,Shop_Dang_Hong_Dung,2174
738,Shop_Lumina Studio_738,5372
739,Shop_Fashion_739,915
740,Shop_Fashion_740,6903
741,Shop_Lumina Studio_741,4930
742,Shop_Hoang_Hong_Huy,7490
743,Shop_Nguyen_Nha_Binh,5379
744,Shop_Accessories_744,6003
745,Shop_Fashion_745,7471
746,Shop_Fashion_746,481
747,Shop_Tran_Hong_Khanh,3417
748,Shop_Huynh_Nha_Binh,4201
749,Shop_Huynh_Hong_Nam,8380
750,Shop_Lumina Studio_750,2677
751,Shop_Zestie_751,7796
752,Shop_Hoang_Trong_Long,2121
753,Shop_Le_Hong_An,603
754,Shop_Lumina Studio_754,7011
755,Shop_Huynh_Hong_Huy,2050
756,Shop_Pham_Nha_Khanh,5444
757,Shop_Accessories_757,4189
758,Shop_Accessories_758,2704
759,Shop_Dang_Hong_Dung,7417
760,Shop_Dang_Hoang_Huy,7042
761,Shop_Nguyen_Hong_Nam,3761
762,Shop_Nguyen_Nha_Binh,4774
763,Shop_Le_Hong_Minh,8540
764,Shop_Tran_Hong_Binh,9583
765,Shop_Zestie_765,3989
766,Shop_Lumina Studio_766,4740
767,Shop_Le_Hong_Cuong,4531
768,Shop_Zestie_768,7365
769,Shop_Fashion_769,3169
770,Shop_Nguyen_Thanh_Dung,1661
771,Shop_Fashion_771,1949
772,Shop_Nguyen_Nha_Huy,3032
773,Shop_Accessories_773,2095
774,Shop_Pham_Thanh_An,83
775,Shop_Huynh_Thanh_Dung,4710
776,Shop_Zestie_776,1205
777,Shop_Huynh_Nha_Binh,4266
778,Shop_Saffron & Sage_778,258
779,Shop_Saffron & Sage_779,8647
780,Shop_Zestie_780,7736
781,Shop_Le_Hoang_Phuc,7186
782,Shop_Fashion_782,9804
783,Shop_Saffron & Sage_783,1358
784,Shop_Hoang_Trong_Dung,2820
785,Shop_Saffron & Sage_785,1473
786,Shop_Pham_Trong_Nam,4679
787,Shop_Saffron & Sage_787,7181
788,Shop_Saffron & Sage_788,9873
789,Shop_Dang_Nha_Minh,204
790,Shop_Zestie_790,7570
791,Shop_Accessories_791,8636
792,Shop_Zestie_792,1696
793,Shop_Tran_Hong_Cuong,1712
794,Shop_Accessories_794,4800
795,Shop_Saffron & Sage_795,2814
796,Shop_Le_Thanh_Cuong,1804
797,Shop_Fashion_797,1218
798,Shop_Tran_Thanh_Long,6649
799,Shop_Le_Hoang_Cuong,6369
800,Shop_Saffron & Sage_800,4761
801,Shop_Dang_Hong_Khanh,2619
802,Shop_Huynh_Hong_Dung,6219
803,Shop_Vo_Nha_Khanh,561
804,Shop_Lumina Studio_804,3812
805,Shop_Saffron & Sage_805,5259
806,Shop_Lumina Studio_806,3766
807,Shop_Accessories_807,3665
808,Shop_Dang_Nha_Dung,9133
809,Shop_Saffron & Sage_809,6976
810,Shop_Accessories_810,9577
811,Shop_Lumina Studio_811,1590
812,Shop_Zestie_812,1823
813,Shop_Fashion_813,6945
814,Shop_Hoang_Trong_Cuong,3182
815,Shop_Fashion_815,2006
816,Shop_Huynh_Hong_Huy,9797
817,Shop_Lumina Studio_817,1423
818,Shop_Fashion_818,1261
819,Shop_Hoang_Hong_Nam,8374
820,Shop_Accessories_820,4847
821,Shop_Le_Nha_An,8705
822,Shop_Hoang_Thanh_Dung,4572
823,Shop_Vo_Trong_Phuc,3562
824,Shop_Pham_Hong_Khanh,6861
825,Shop_Accessories_825,3950
826,Shop_Le_Nha_Cuong,1460
827,Shop_Accessories_827,7680
828,Shop_Pham_Hoang_Minh,7202
829,Shop_Vo_Nha_Phuc,3785
830,Shop_Accessories_830,7614
831,Shop_Accessories_831,9650
832,Shop_Nguyen_Thanh_Cuong,8677
833,Shop_Le_Thanh_An,5515
834,Shop_Vo_Trong_An,5209
835,Shop_Lumina Studio_835,4751
836,Shop_Nguyen_Nha_Huy,4932
837,Shop_Accessories_837,9980
838,Shop_Fashion_838,5958
839,Shop_Pham_Trong_Nam,7879
840,Shop_Le_Hoang_Phuc,7494
841,Shop_Vo_Trong_Khanh,6540
842,Shop_Fashion_842,7549
843,Shop_Nguyen_Trong_Long,6391
844,Shop_Le_Nha_Minh,7269
845,Shop_Huynh_Hoang_Khanh,3705
846,Shop_Dang_Hong_Khanh,5914
847,Shop_Accessories_847,7020
848,Shop_Accessories_848,6966
849,Shop_Vo_Trong_Khanh,54
850,Shop_Accessories_850,2525
851,Shop_Pham_Trong_Huy,7666
852,Shop_Fashion_852,465
853,Shop_Huynh_Trong_Binh,7451
854,Shop_Zestie_854,4822
855,Shop_Fashion_855,1756
856,Shop_Fashion_856,7308
857,Shop_Fashion_857,5940
858,Shop_Saffron & Sage_858,1708
859,Shop_Zestie_859,9957
860,Shop_Zestie_860,6069
861,Shop_Saffron & Sage_861,610
862,Shop_Lumina Studio_862,6620
863,Shop_Zestie_863,4456
864,Shop_Vo_Nha_Phuc,470
865,Shop_Fashion_865,140
866,Shop_Lumina Studio_866,2553
867,Shop_Fashion_867,5647
868,Shop_Accessories_868,9141
869,Shop_Nguyen_Hoang_Khanh,7887
870,Shop_Tran_Trong_Phuc,6277
871,Shop_Lumina Studio_871,483
872,Shop_Hoang_Nha_Cuong,1055
873,Shop_Accessories_873,8157
874,Shop_Hoang_Hong_Huy,908
875,Shop_Hoang_Hoang_An,2193
876,Shop_Lumina Studio_876,8779
877,Shop_Nguyen_Hong_Binh,3889
878,Shop_Accessories_878,4661
879,Shop_Zestie_879,7408
880,Shop_Fashion_880,6468
881,Shop_Lumina Studio_881,4007
882,Shop_Pham_Hong_Phuc,6405
883,Shop_Zestie_883,2413
884,Shop_Le_Nha_Binh,6584
885,Shop_Fashion_885,2820
886,Shop_Fashion_886,5120
887,Shop_Hoang_Hong_Binh,1085
888,Shop_Huynh_Trong_Nam,2713
889,Shop_Accessories_889,3108
890,Shop_Tran_Hoang_Phuc,8908
891,Shop_Tran_Hong_Dung,5197
892,Shop_Tran_Thanh_An,101
893,Shop_Dang_Nha_Khanh,8332
894,Shop_Saffron & Sage_894,1883
895,Shop_Fashion_895,8540
896,Shop_Lumina Studio_896,6823
897,Shop_Zestie_897,132
898,Shop_Accessories_898,6614
899,Shop_Vo_Hong_Dung,8600
900,Shop_Nguyen_Nha_Huy,6745
901,Shop_Zestie_901,9602
902,Shop_Zestie_902,2661
903,Shop_Fashion_903,8984
904,Shop_Fashion_904,6837
905,Shop_Zestie_905,2896
906,Shop_Zestie_906,6084
907,Shop_Pham_Nha_Minh,4503
908,Shop_Accessories_908,9018
909,Shop_Vo_Thanh_Dung,9641
910,Shop_Dang_Hong_Nam,7605
911,Shop_Hoang_Trong_Dung,8196
912,Shop_Fashion_912,6649
913,Shop_Vo_Nha_An,1132
914,Shop_Huynh_Thanh_Khanh,8612
915,Shop_Fashion_915,9270
916,Shop_Vo_Thanh_Dung,3951
917,Shop_Fashion_917,3228
918,Shop_Dang_Thanh_Cuong,2341
919,Shop_Le_Hoang_An,8056
920,Shop_Fashion_920,7962
921,Shop_Vo_Thanh_Cuong,8986
922,Shop_Tran_Thanh_Long,6049
923,Shop_Accessories_923,9423
924,Shop_Fashion_924,1085
925,Shop_Huynh_Nha_An,3115
926,Shop_Hoang_Hoang_Long,9523
927,Shop_Fashion_927,6091
928,Shop_Accessories_928,2777
929,Shop_Lumina Studio_929,8850
930,Shop_Pham_Nha_An,9393
931,Shop_Le_Trong_Minh,7619
932,Shop_Lumina Studio_932,3907
933,Shop_Accessories_933,8458
934,Shop_Zestie_934,948
935,Shop_Lumina Studio_935,3783
936,Shop_Huynh_Hoang_Minh,7135
937,Shop_Fashion_937,2142
938,Shop_Saffron & Sage_938,7410
939,Shop_Lumina Studio_939,9643
940,Shop_Pham_Thanh_Phuc,3009
941,Shop_Saffron & Sage_941,9696
942,Shop_Vo_Hong_Phuc,4411
943,Shop_Accessories_943,8400
944,Shop_Vo_Hoang_Dung,6617
945,Shop_Nguyen_Hong_Binh,8787
946,Shop_Pham_Hong_Binh,7212
947,Shop_Zestie_947,8696
948,Shop_Accessories_948,9003
949,Shop_Lumina Studio_949,1470
950,Shop_Pham_Trong_Binh,2584
951,Shop_Accessories_951,3115
952,Shop_Zestie_952,2836
953,Shop_Tran_Trong_Binh,3451
954,Shop_Le_Thanh_Binh,5437
955,Shop_Saffron & Sage_955,3262
956,Shop_Fashion_956,9017
957,Shop_Tran_Hoang_Cuong,1323
958,Shop_Le_Hong_Binh,2628
959,Shop_Zestie_959,3210
960,Shop_Zestie_960,8338
961,Shop_Saffron & Sage_961,6733
962,Shop_Dang_Hoang_Khanh,2685
963,Shop_Saffron & Sage_963,7450
964,Shop_Accessories_964,9973
965,Shop_Zestie_965,1851
966,Shop_Saffron & Sage_966,8149
967,Shop_Le_Hong_Binh,3638
968,Shop_Le_Hong_Huy,107
969,Shop_Dang_Hong_Dung,8231
970,Shop_Dang_Hoang_Phuc,2290
971,Shop_Huynh_Hoang_Dung,5861
972,Shop_Zestie_972,7101
973,Shop_Nguyen_Thanh_Khanh,5824
974,Shop_Accessories_974,2641
975,Shop_Hoang_Thanh_Khanh,9663
976,Shop_Le_Hong_Long,7761
977,Shop_Zestie_977,3084
978,Shop_Saffron & Sage_978,6929
979,Shop_Lumina Studio_979,1436
980,Shop_Nguyen_Nha_Binh,7869
981,Shop_Fashion_981,4688
982,Shop_Vo_Nha_Binh,5712
983,Shop_Dang_Hong_Long,7885
984,Shop_Lumina Studio_984,5075
985,Shop_Le_Nha_Minh,9652
986,Shop_Vo_Hoang_Khanh,5786
987,Shop_Tran_Nha_Minh,9266
988,Shop_Hoang_Nha_Dung,3582
989,Shop_Zestie_989,7875
990,Shop_Pham_Hong_Nam,719
991,Shop_Fashion_991,1201
992,Shop_Vo_Trong_Minh,7218
993,Shop_Nguyen_Hong_Minh,6893
994,Shop_Accessories_994,5724
995,Shop_Saffron & Sage_995,4415
996,Shop_Vo_Thanh_Minh,9683
997,Shop_Saffron & Sage_997,2460
998,Shop_Zestie_998,4212
999,Shop_Lumina Studio_999,3601
1000,Shop_Accessories_1000,8058
1001,Shop_Saffron & Sage_1001,1006
1002,Shop_Lumina Studio_1002,399
1003,Shop_Fashion_1003,4198
1004,Shop_Accessories_1004,2460
1005,Shop_Fashion_1005,5098
1006,Shop_Le_Thanh_Minh,7196
1007,Shop_Saffron & Sage_1007,7374
1008,Shop_Fashion_1008,9553
1009,Shop_Hoang_Nha_Long,8906
1010,Shop_Tran_Hong_Minh,5493
1011,Shop_Fashion_1011,2814
1012,Shop_Vo_Trong_Binh,1436
1013,Shop_Vo_Hoang_Minh,5120
1014,Shop_Lumina Studio_1014,1823
1015,Shop_Saffron & Sage_1015,8590
1016,Shop_Zestie_1016,1012
1017,Shop_Le_Hong_Nam,2863
1018,Shop_Saffron & Sage_1018,330
1019,Shop_Accessories_1019,3024
1020,Shop_Fashion_1020,6111
1021,Shop_Zestie_1021,5839
1022,Shop_Huynh_Trong_Dung,5866
1023,Shop_Saffron & Sage_1023,4701
1024,Shop_Lumina Studio_1024,403
1025,Shop_Fashion_1025,9099
1026,Shop_Hoang_Hong_Binh,774
1027,Shop_Saffron & Sage_1027,7436
1028,Shop_Saffron & Sage_1028,8066
1029,Shop_Huynh_Hoang_Minh,9629
1030,Shop_Saffron & Sage_1030,5451
1031,Shop_Fashion_1031,1464
1032,Shop_Lumina Studio_1032,9776
1033,Shop_Dang_Trong_Khanh,8239
1034,Shop_Accessories_1034,7955
1035,Shop_Nguyen_Thanh_Cuong,4575
1036,Shop_Pham_Thanh_Nam,3498
1037,Shop_Hoang_Trong_Minh,9918
1038,Shop_Zestie_1038,2032
1039,Shop_Dang_Hoang_Minh,1976
1040,Shop_Accessories_1040,4499
1041,Shop_Saffron & Sage_1041,8712
1042,Shop_Saffron & Sage_1042,5658
1043,Shop_Fashion_1043,5685
1044,Shop_Saffron & Sage_1044,5570
1045,Shop_Nguyen_Nha_Cuong,3671
1046,Shop_Vo_Trong_Cuong,6228
1047,Shop_Nguyen_Hong_Huy,2657
1048,Shop_Saffron & Sage_1048,1966
1049,Shop_Saffron & Sage_1049,2532
1050,Shop_Accessories_1050,9705
1051,Shop_Vo_Trong_Huy,5141
1052,Shop_Fashion_1052,2560
1053,Shop_Hoang_Hoang_Minh,2066
1054,Shop_Nguyen_Trong_Phuc,1821
1055,Shop_Saffron & Sage_1055,8050
1056,Shop_Accessories_1056,6603
1057,Shop_Accessories_1057,5517
1058,Shop_Fashion_1058,8721
1059,Shop_Lumina Studio_1059,7463
1060,Shop_Saffron & Sage_1060,549
1061,Shop_Pham_Nha_Huy,3549
1062,Shop_Saffron & Sage_1062,3878
1063,Shop_Fashion_1063,8657
1064,Shop_Tran_Hong_Nam,986
1065,Shop_Accessories_1065,6172
1066,Shop_Lumina Studio_1066,4845
1067,Shop_Nguyen_Hoang_Khanh,2263
1068,Shop_Huynh_Trong_An,3660
1069,Shop_Saffron & Sage_1069,304
1070,Shop_Huynh_Nha_Khanh,2278
1071,Shop_Lumina Studio_1071,4315
1072,Shop_Nguyen_Hong_Nam,555
1073,Shop_Hoang_Hoang_Cuong,8700
1074,Shop_Fashion_1074,6577
1075,Shop_Lumina Studio_1075,6832
1076,Shop_Accessories_1076,3483
1077,Shop_Le_Hoang_Binh,2872
1078,Shop_Huynh_Trong_Phuc,5813
1079,Shop_Lumina Studio_1079,6618
1080,Shop_Zestie_1080,2934
1081,Shop_Fashion_1081,5147
1082,Shop_Tran_Nha_Huy,606
1083,Shop_Huynh_Nha_Khanh,4306
1084,Shop_Le_Trong_Dung,1321
1085,Shop_Accessories_1085,8745
1086,Shop_Lumina Studio_1086,5254
1087,Shop_Accessories_1087,7436
1088,Shop_Saffron & Sage_1088,3977
1089,Shop_Saffron & Sage_1089,1154
1090,Shop_Lumina Studio_1090,3547
1091,Shop_Dang_Hong_Nam,8366
1092,Shop_Zestie_1092,1929
1093,Shop_Huynh_Nha_Binh,8794
1094,Shop_Accessories_1094,2322
1095,Shop_Zestie_1095,3525
1096,Shop_Accessories_1096,3263
1097,Shop_Lumina Studio_1097,8272
1098,Shop_Saffron & Sage_1098,7459
1099,Shop_Pham_Hoang_Huy,3189
1100,Shop_Accessories_1100,762
1101,Shop_Fashion_1101,8420
1102,Shop_Fashion_1102,8992
1103,Shop_Le_Thanh_Phuc,5888
1104,Shop_Hoang_Hoang_Khanh,6537
1105,Shop_Dang_Hong_Dung,4743
1106,Shop_Pham_Thanh_Minh,505
1107,Shop_Zestie_1107,4715
1108,Shop_Huynh_Trong_Phuc,5118
1109,Shop_Zestie_1109,6562
1110,Shop_Fashion_1110,2875
1111,Shop_Lumina Studio_1111,508
1112,Shop_Zestie_1112,3283
1113,Shop_Tran_Thanh_Phuc,3336
1114,Shop_Huynh_Hoang_Khanh,5076
1115,Shop_Lumina Studio_1115,5082
1116,Shop_Zestie_1116,1508
1117,Shop_Huynh_Hoang_Khanh,7883
1118,Shop_Lumina Studio_1118,1398
1119,Shop_Lumina Studio_1119,7301
1120,Shop_Huynh_Trong_Cuong,8424
1121,Shop_Accessories_1121,5263
1122,Shop_Dang_Trong_Dung,8268
1123,Shop_Zestie_1123,7078
1124,Shop_Zestie_1124,1131
1125,Shop_Lumina Studio_1125,8551
1126,Shop_Zestie_1126,147
1127,Shop_Vo_Thanh_Phuc,1244
1128,Shop_Fashion_1128,532
1129,Shop_Lumina Studio_1129,6426
1130,Shop_Fashion_1130,9640
1131,Shop_Pham_Hong_Long,497
1132,Shop_Saffron & Sage_1132,5350
1133,Shop_Hoang_Hong_Dung,7271
1134,Shop_Nguyen_Nha_An,3674
1135,Shop_Pham_Hong_Huy,859
1136,Shop_Lumina Studio_1136,9083
1137,Shop_Zestie_1137,8425
1138,Shop_Accessories_1138,9349
1139,Shop_Accessories_1139,8129
1140,Shop_Accessories_1140,5784
1141,Shop_Hoang_Hong_Long,7504
1142,Shop_Pham_Thanh_Cuong,1629
1143,Shop_Le_Thanh_Khanh,7475
1144,Shop_Accessories_1144,4467
1145,Shop_Le_Thanh_Phuc,5154
1146,Shop_Zestie_1146,6907
1147,Shop_Fashion_1147,3188
1148,Shop_Lumina Studio_1148,3879
1149,Shop_Dang_Trong_Cuong,1136
1150,Shop_Accessories_1150,927
1151,Shop_Hoang_Hong_Phuc,3531
1152,Shop_Hoang_Thanh_An,4189
1153,Shop_Nguyen_Thanh_Nam,9628
1154,Shop_Le_Nha_An,8705
1155,Shop_Le_Trong_Khanh,1425
1156,Shop_Saffron & Sage_1156,5428
1157,Shop_Lumina Studio_1157,1715
1158,Shop_Tran_Hong_Long,2602
1159,Shop_Le_Trong_Huy,4697
1160,Shop_Lumina Studio_1160,1269
1161,Shop_Hoang_Thanh_Dung,6440
1162,Shop_Vo_Trong_Long,9066
1163,Shop_Le_Hong_Long,9939
1164,Shop_Lumina Studio_1164,4799
1165,Shop_Nguyen_Hong_Huy,1958
1166,Shop_Hoang_Hoang_Long,5736
1167,Shop_Lumina Studio_1167,5490
1168,Shop_Saffron & Sage_1168,5716
1169,Shop_Pham_Nha_An,8349
1170,Shop_Le_Thanh_Binh,9278
1171,Shop_Saffron & Sage_1171,4742
1172,Shop_Huynh_Hoang_Binh,9073
1173,Shop_Huynh_Nha_Binh,2358
1174,Shop_Le_Trong_Dung,9737
1175,Shop_Fashion_1175,2073
1176,Shop_Lumina Studio_1176,2286
1177,Shop_Vo_Thanh_Long,6542
1178,Shop_Fashion_1178,1397
1179,Shop_Accessories_1179,6306
1180,Shop_Saffron & Sage_1180,6547
1181,Shop_Nguyen_Hoang_An,8827
1182,Shop_Saffron & Sage_1182,4193
1183,Shop_Fashion_1183,8101
1184,Shop_Zestie_1184,6464
1185,Shop_Le_Nha_Huy,141
1186,Shop_Nguyen_Hong_Long,924
1187,Shop_Lumina Studio_1187,8442
1188,Shop_Pham_Hong_Khanh,2039
1189,Shop_Nguyen_Thanh_Nam,9628
1190,Shop_Accessories_1190,7318
1191,Shop_Zestie_1191,4908
1192,Shop_Tran_Nha_An,9413
1193,Shop_Zestie_1193,3446
1194,Shop_Fashion_1194,2847
1195,Shop_Lumina Studio_1195,1887
1196,Shop_Zestie_1196,464
1197,Shop_Fashion_1197,8567
1198,Shop_Fashion_1198,6241
1199,Shop_Nguyen_Nha_Khanh,1157
1200,Shop_Hoang_Thanh_Cuong,2446
1201,Shop_Fashion_1201,2557
1202,Shop_Pham_Nha_Binh,6496
1203,Shop_Zestie_1203,5345
1204,Shop_Lumina Studio_1204,8897
1205,Shop_Lumina Studio_1205,7421
1206,Shop_Hoang_Hong_Binh,9307
1207,Shop_Saffron & Sage_1207,3976
1208,Shop_Fashion_1208,1695
1209,Shop_Lumina Studio_1209,7354
1210,Shop_Accessories_1210,5525
1211,Shop_Dang_Trong_Dung,2895
1212,Shop_Lumina Studio_1212,35
1213,Shop_Lumina Studio_1213,1617
1214,Shop_Saffron & Sage_1214,6282
1215,Shop_Saffron & Sage_1215,5766
1216,Shop_Fashion_1216,3755
1217,Shop_Lumina Studio_1217,8978
1218,Shop_Saffron & Sage_1218,2290
1219,Shop_Le_Nha_Binh,974
1220,Shop_Fashion_1220,9057
1221,Shop_Fashion_1221,4287
1222,Shop_Lumina Studio_1222,5396
1223,Shop_Tran_Hong_Long,2602
1224,Shop_Pham_Trong_Binh,7801
1225,Shop_Zestie_1225,7070
1226,Shop_Fashion_1226,5571
1227,Shop_Fashion_1227,6568
1228,Shop_Lumina Studio_1228,2210
1229,Shop_Tran_Hong_Nam,2744
1230,Shop_Huynh_Trong_Binh,1982
1231,Shop_Saffron & Sage_1231,9382
1232,Shop_Pham_Nha_Binh,6496
1233,Shop_Fashion_1233,6573
1234,Shop_Saffron & Sage_1234,8350
1235,Shop_Zestie_1235,5712
1236,Shop_Huynh_Nha_An,3115
1237,Shop_Zestie_1237,73
1238,Shop_Zestie_1238,2610
1239,Shop_Nguyen_Thanh_Long,3538
1240,Shop_Tran_Trong_Khanh,5253
1241,Shop_Lumina Studio_1241,9455
1242,Shop_Fashion_1242,7075
1243,Shop_Fashion_1243,1726
1244,Shop_Saffron & Sage_1244,9879
1245,Shop_Tran_Nha_An,6999
1246,Shop_Huynh_Thanh_An,7414
1247,Shop_Zestie_1247,4369
1248,Shop_Lumina Studio_1248,2242
1249,Shop_Lumina Studio_1249,1172
1250,Shop_Tran_Nha_Binh,732
1251,Shop_Zestie_1251,9029
1252,Shop_Saffron & Sage_1252,5526
1253,Shop_Fashion_1253,4893
1254,Shop_Fashion_1254,7820
1255,Shop_Accessories_1255,3264
1256,Shop_Accessories_1256,6562
1257,Shop_Zestie_1257,7922
1258,Shop_Dang_Nha_Huy,2695
1259,Shop_Hoang_Trong_Khanh,3651
1260,Shop_Accessories_1260,2339
1261,Shop_Saffron & Sage_1261,8087
1262,Shop_Fashion_1262,8197
1263,Shop_Nguyen_Hoang_Huy,4714
1264,Shop_Tran_Hoang_An,7762
1265,Shop_Zestie_1265,244
1266,Shop_Zestie_1266,330
1267,Shop_Accessories_1267,3866
1268,Shop_Fashion_1268,4574
1269,Shop_Fashion_1269,2756
1270,Shop_Accessories_1270,3507
1271,Shop_Zestie_1271,3033
1272,Shop_Lumina Studio_1272,9578
1273,Shop_Vo_Hong_Minh,5070
1274,Shop_Zestie_1274,1134
1275,Shop_Zestie_1275,3075
1276,Shop_Pham_Nha_An,1019
1277,Shop_Fashion_1277,1080
1278,Shop_Tran_Hoang_Cuong,2753
1279,Shop_Vo_Nha_Minh,895
1280,Shop_Accessories_1280,5754
1281,Shop_Accessories_1281,5272
1282,Shop_Nguyen_Hoang_Phuc,7136
1283,Shop_Zestie_1283,7186
1284,Shop_Vo_Trong_Huy,494
1285,Shop_Accessories_1285,9307
1286,Shop_Hoang_Nha_An,3065
1287,Shop_Le_Trong_Dung,9158
1288,Shop_Pham_Hoang_Minh,4737
1289,Shop_Huynh_Nha_Khanh,9288
1290,Shop_Fashion_1290,5932
1291,Shop_Fashion_1291,5162
1292,Shop_Lumina Studio_1292,7376
1293,Shop_Pham_Nha_Phuc,1177
1294,Shop_Hoang_Hoang_Khanh,3390
1295,Shop_Tran_Hong_Huy,3766
1296,Shop_Accessories_1296,2280
1297,Shop_Zestie_1297,4776
1298,Shop_Hoang_Hong_An,9630
1299,Shop_Fashion_1299,2822
1300,Shop_Saffron & Sage_1300,9391
1301,Shop_Accessories_1301,5322
1302,Shop_Lumina Studio_1302,5575
1303,Shop_Accessories_1303,5641
1304,Shop_Zestie_1304,8747
1305,Shop_Saffron & Sage_1305,9449
1306,Shop_Accessories_1306,2584
1307,Shop_Fashion_1307,371
1308,Shop_Hoang_Hoang_Long,4065
1309,Shop_Saffron & Sage_1309,2884
1310,Shop_Huynh_Hong_Phuc,9625
1311,Shop_Lumina Studio_1311,5971
1312,Shop_Dang_Hong_Minh,2547
1313,Shop_Le_Hong_Nam,9981
1314,Shop_Le_Nha_Huy,9098
1315,Shop_Lumina Studio_1315,622
1316,Shop_Saffron & Sage_1316,1634
1317,Shop_Vo_Hoang_Binh,2002
1318,Shop_Vo_Hoang_Phuc,2940
1319,Shop_Pham_Nha_Dung,8555
1320,Shop_Zestie_1320,2553
1321,Shop_Vo_Trong_Nam,8544
1322,Shop_Tran_Trong_An,73
1323,Shop_Pham_Thanh_Phuc,5422
1324,Shop_Pham_Thanh_Huy,465
1325,Shop_Lumina Studio_1325,1121
1326,Shop_Fashion_1326,6481
1327,Shop_Lumina Studio_1327,5987
1328,Shop_Accessories_1328,5352
1329,Shop_Zestie_1329,6341
1330,Shop_Tran_Trong_Long,8881
1331,Shop_Saffron & Sage_1331,5751
1332,Shop_Lumina Studio_1332,2611
1333,Shop_Dang_Trong_Dung,2895
1334,Shop_Le_Hoang_Khanh,1736
1335,Shop_Lumina Studio_1335,4441
1336,Shop_Saffron & Sage_1336,4493
1337,Shop_Zestie_1337,8717
1338,Shop_Lumina Studio_1338,5621
1339,Shop_Zestie_1339,1101
1340,Shop_Tran_Nha_Phuc,7728
1341,Shop_Nguyen_Hong_Long,4307
1342,Shop_Fashion_1342,8552
1343,Shop_Zestie_1343,621
1344,Shop_Zestie_1344,8467
1345,Shop_Accessories_1345,3709
1346,Shop_Hoang_Hoang_An,4891
1347,Shop_Zestie_1347,6648
1348,Shop_Accessories_1348,4800
1349,Shop_Accessories_1349,5960
1350,Shop_Hoang_Thanh_Huy,2976
1351,Shop_Dang_Hoang_Phuc,8819
1352,Shop_Vo_Trong_Nam,6448
1353,Shop_Zestie_1353,5457
1354,Shop_Saffron & Sage_1354,1085
1355,Shop_Fashion_1355,7032
1356,Shop_Accessories_1356,7502
1357,Shop_Tran_Hoang_Binh,7865
1358,Shop_Saffron & Sage_1358,2378
1359,Shop_Accessories_1359,7903
1360,Shop_Lumina Studio_1360,5955
1361,Shop_Le_Thanh_Binh,3931
1362,Shop_Accessories_1362,5347
1363,Shop_Lumina Studio_1363,9973
1364,Shop_Fashion_1364,655
1365,Shop_Saffron & Sage_1365,35
1366,Shop_Nguyen_Hoang_Minh,6678
1367,Shop_Zestie_1367,2783
1368,Shop_Zestie_1368,5197
1369,Shop_Fashion_1369,5474
1370,Shop_Fashion_1370,9520
1371,Shop_Zestie_1371,7028
1372,Shop_Huynh_Trong_Dung,3340
1373,Shop_Saffron & Sage_1373,7955
1374,Shop_Dang_Hong_Binh,3100
1375,Shop_Huynh_Thanh_An,7414
1376,Shop_Fashion_1376,5179
1377,Shop_Accessories_1377,6693
1378,Shop_Lumina Studio_1378,6918
1379,Shop_Pham_Nha_Huy,7525
1380,Shop_Lumina Studio_1380,5727
1381,Shop_Zestie_1381,4021
1382,Shop_Vo_Hoang_Minh,7541
1383,Shop_Lumina Studio_1383,7484
1384,Shop_Tran_Trong_Binh,5822
1385,Shop_Lumina Studio_1385,7357
1386,Shop_Vo_Nha_Khanh,136
1387,Shop_Vo_Trong_Phuc,3747
1388,Shop_Nguyen_Thanh_Khanh,4406
1389,Shop_Fashion_1389,6364
1390,Shop_Zestie_1390,8161
1391,Shop_Fashion_1391,5210
1392,Shop_Lumina Studio_1392,4175
1393,Shop_Accessories_1393,473
1394,Shop_Saffron & Sage_1394,1322
1395,Shop_Le_Trong_Long,8496
1396,Shop_Dang_Trong_Khanh,2367
1397,Shop_Fashion_1397,2006
1398,Shop_Accessories_1398,9607
1399,Shop_Pham_Hoang_Minh,4770
1400,Shop_Vo_Hong_Long,3218
1401,Shop_Lumina Studio_1401,948
1402,Shop_Vo_Thanh_Cuong,1927
1403,Shop_Saffron & Sage_1403,8797
1404,Shop_Pham_Trong_Nam,4376
1405,Shop_Accessories_1405,1646
1406,Shop_Pham_Hong_Khanh,9586
1407,Shop_Saffron & Sage_1407,6050
1408,Shop_Lumina Studio_1408,5921
1409,Shop_Accessories_1409,8272
1410,Shop_Le_Thanh_Huy,2569
1411,Shop_Accessories_1411,5850
1412,Shop_Huynh_Thanh_Cuong,5467
1413,Shop_Accessories_1413,3200
1414,Shop_Saffron & Sage_1414,7730
1415,Shop_Accessories_1415,5622
1416,Shop_Pham_Hong_Minh,4517
1417,Shop_Zestie_1417,4319
1418,Shop_Fashion_1418,3804
1419,Shop_Le_Hong_Cuong,3201
1420,Shop_Fashion_1420,5464
1421,Shop_Lumina Studio_1421,6074
1422,Shop_Accessories_1422,9440
1423,Shop_Tran_Hong_An,1590
1424,Shop_Le_Hong_An,603
1425,Shop_Fashion_1425,8656
1426,Shop_Accessories_1426,8635
1427,Shop_Accessories_1427,4101
1428,Shop_Fashion_1428,9388
1429,Shop_Saffron & Sage_1429,402
1430,Shop_Saffron & Sage_1430,2307
1431,Shop_Accessories_1431,9973
1432,Shop_Fashion_1432,3657
1433,Shop_Lumina Studio_1433,5480
1434,Shop_Saffron & Sage_1434,2029
1435,Shop_Pham_Thanh_Phuc,3283
1436,Shop_Lumina Studio_1436,6569
1437,Shop_Saffron & Sage_1437,7919
1438,Shop_Zestie_1438,3834
1439,Shop_Fashion_1439,2804
1440,Shop_Saffron & Sage_1440,5314
1441,Shop_Dang_Thanh_Long,9224
1442,Shop_Saffron & Sage_1442,9094
1443,Shop_Lumina Studio_1443,6873
1444,Shop_Saffron & Sage_1444,7956
1445,Shop_Pham_Hong_Cuong,5632
1446,Shop_Vo_Hoang_Cuong,969
1447,Shop_Lumina Studio_1447,9992
1448,Shop_Lumina Studio_1448,3316
1449,Shop_Tran_Trong_Huy,7824
1450,Shop_Lumina Studio_1450,2569
1451,Shop_Fashion_1451,5941
1452,Shop_Tran_Trong_Minh,8993
1453,Shop_Saffron & Sage_1453,6256
1454,Shop_Fashion_1454,2583
1455,Shop_Dang_Trong_Minh,2578
1456,Shop_Vo_Hong_Long,8838
1457,Shop_Lumina Studio_1457,814
1458,Shop_Fashion_1458,6039
1459,Shop_Le_Thanh_Binh,5437
1460,Shop_Saffron & Sage_1460,2329
1461,Shop_Lumina Studio_1461,646
1462,Shop_Fashion_1462,6307
1463,Shop_Lumina Studio_1463,9853
1464,Shop_Hoang_Thanh_Phuc,5108
1465,Shop_Accessories_1465,8925
1466,Shop_Fashion_1466,9896
1467,Shop_Accessories_1467,9452
1468,Shop_Dang_Hoang_Cuong,9958
1469,Shop_Hoang_Trong_Binh,9580
1470,Shop_Lumina Studio_1470,2747
1471,Shop_Lumina Studio_1471,8323
1472,Shop_Zestie_1472,1712
1473,Shop_Accessories_1473,8484
1474,Shop_Pham_Hong_Dung,6604
1475,Shop_Saffron & Sage_1475,3069
1476,Shop_Saffron & Sage_1476,3732
1477,Shop_Tran_Hoang_Dung,6321
1478,Shop_Fashion_1478,590
1479,Shop_Zestie_1479,9260
1480,Shop_Le_Trong_Huy,4697
1481,Shop_Hoang_Hoang_Long,7341
1482,Shop_Lumina Studio_1482,6214
1483,Shop_Fashion_1483,1678
1484,Shop_Saffron & Sage_1484,831
1485,Shop_Lumina Studio_1485,230
1486,Shop_Saffron & Sage_1486,3573
1487,Shop_Pham_Nha_Dung,8973
1488,Shop_Lumina Studio_1488,7259
1489,Shop_Vo_Trong_Minh,4276
1490,Shop_Hoang_Hoang_Long,3191
1491,Shop_Zestie_1491,1978
1492,Shop_Accessories_1492,5340
1493,Shop_Zestie_1493,1927
1494,Shop_Le_Trong_Minh,7244
1495,Shop_Saffron & Sage_1495,6561
1496,Shop_Lumina Studio_1496,3311
1497,Shop_Lumina Studio_1497,1810
1498,Shop_Huynh_Hoang_Khanh,3202
1499,Shop_Accessories_1499,381
1500,Shop_Zestie_1500,9040
1501,Shop_Hoang_Thanh_Huy,3114
1502,Shop_Fashion_1502,2688
1503,Shop_Saffron & Sage_1503,1166
1504,Shop_Huynh_Hong_Cuong,7653
1505,Shop_Zestie_1505,3532
1506,Shop_Accessories_1506,5170
1507,Shop_Vo_Thanh_Khanh,8602
1508,Shop_Fashion_1508,6570
1509,Shop_Hoang_Trong_Dung,9396
1510,Shop_Lumina Studio_1510,8744
1511,Shop_Dang_Trong_Dung,8268
1512,Shop_Zestie_1512,904
1513,Shop_Dang_Hoang_Dung,6962
1514,Shop_Pham_Thanh_An,7393
1515,Shop_Le_Trong_Phuc,6738
1516,Shop_Fashion_1516,3714
1517,Shop_Saffron & Sage_1517,6773
1518,Shop_Nguyen_Hoang_An,9091
1519,Shop_Nguyen_Hong_An,173
1520,Shop_Fashion_1520,674
1521,Shop_Accessories_1521,5107
1522,Shop_Lumina Studio_1522,5737
1523,Shop_Lumina Studio_1523,1618
1524,Shop_Tran_Hong_Minh,9620
1525,Shop_Lumina Studio_1525,1603
1526,Shop_Zestie_1526,9889
1527,Shop_Lumina Studio_1527,8757
1528,Shop_Le_Trong_Nam,4112
1529,Shop_Fashion_1529,4006
1530,Shop_Lumina Studio_1530,7010
1531,Shop_Pham_Thanh_Phuc,2905
1532,Shop_Tran_Thanh_Cuong,9054
1533,Shop_Accessories_1533,9004
1534,Shop_Fashion_1534,7852
1535,Shop_Pham_Thanh_Minh,3304
1536,Shop_Lumina Studio_1536,415
1537,Shop_Lumina Studio_1537,2425
1538,Shop_Tran_Thanh_Long,6860
1539,Shop_Vo_Hoang_Phuc,7669
1540,Shop_Tran_Thanh_Nam,447
1541,Shop_Pham_Nha_Nam,5692
1542,Shop_Fashion_1542,669
1543,Shop_Vo_Hoang_Cuong,1930
1544,Shop_Saffron & Sage_1544,1381
1545,Shop_Saffron & Sage_1545,4977
1546,Shop_Tran_Hoang_Khanh,703
1547,Shop_Tran_Hong_Nam,4341
1548,Shop_Pham_Thanh_Nam,9842
1549,Shop_Pham_Trong_Phuc,3137
1550,Shop_Zestie_1550,3601
1551,Shop_Saffron & Sage_1551,4999
1552,Shop_Vo_Hoang_Huy,5215
1553,Shop_Saffron & Sage_1553,8915
1554,Shop_Fashion_1554,3437
1555,Shop_Pham_Thanh_Huy,8896
1556,Shop_Zestie_1556,2331
1557,Shop_Lumina Studio_1557,4563
1558,Shop_Hoang_Nha_Nam,8034
1559,Shop_Hoang_Hong_Huy,9713
1560,Shop_Pham_Trong_Nam,4679
1561,Shop_Accessories_1561,7732
1562,Shop_Fashion_1562,6595
1563,Shop_Zestie_1563,7547
1564,Shop_Pham_Nha_Khanh,9406
1565,Shop_Lumina Studio_1565,1481
1566,Shop_Saffron & Sage_1566,490
1567,Shop_Vo_Hoang_Khanh,4467
1568,Shop_Lumina Studio_1568,1032
1569,Shop_Saffron & Sage_1569,5784
1570,Shop_Huynh_Hong_Minh,9465
1571,Shop_Dang_Thanh_Dung,7234
1572,Shop_Le_Hoang_An,2532
1573,Shop_Tran_Trong_Phuc,6277
1574,Shop_Accessories_1574,9817
1575,Shop_Huynh_Nha_Long,1513
1576,Shop_Saffron & Sage_1576,1404
1577,Shop_Huynh_Nha_Long,1182
1578,Shop_Vo_Thanh_Binh,9398
1579,Shop_Huynh_Nha_Minh,2694
1580,Shop_Pham_Hong_An,4222
1581,Shop_Tran_Nha_Khanh,1660
1582,Shop_Saffron & Sage_1582,2270
1583,Shop_Saffron & Sage_1583,3196
1584,Shop_Saffron & Sage_1584,332
1585,Shop_Saffron & Sage_1585,3567
1586,Shop_Zestie_1586,1209
1587,Shop_Saffron & Sage_1587,3228
1588,Shop_Accessories_1588,154
1589,Shop_Dang_Hong_Huy,2420
1590,Shop_Zestie_1590,1836
1591,Shop_Pham_Hoang_Long,1330
1592,Shop_Fashion_1592,7263
1593,Shop_Fashion_1593,6059
1594,Shop_Accessories_1594,600
1595,Shop_Saffron & Sage_1595,6224
1596,Shop_Zestie_1596,4203
1597,Shop_Saffron & Sage_1597,8188
1598,Shop_Lumina Studio_1598,5528
1599,Shop_Fashion_1599,7245
1600,Shop_Accessories_1600,965
1601,Shop_Saffron & Sage_1601,9586
1602,Shop_Vo_Hong_Minh,5070
1603,Shop_Pham_Hong_An,2637
1604,Shop_Lumina Studio_1604,3098
1605,Shop_Le_Trong_Huy,6442
1606,Shop_Nguyen_Hong_Phuc,8589
1607,Shop_Le_Trong_Dung,9855
1608,Shop_Fashion_1608,5035
1609,Shop_Accessories_1609,7007
1610,Shop_Nguyen_Nha_Cuong,8175
1611,Shop_Hoang_Thanh_Phuc,6589
1612,Shop_Vo_Hong_Cuong,5974
1613,Shop_Fashion_1613,2877
1614,Shop_Saffron & Sage_1614,2065
1615,Shop_Pham_Hong_Cuong,1357
1616,Shop_Hoang_Nha_Huy,2528
1617,Shop_Accessories_1617,9505
1618,Shop_Accessories_1618,373
1619,Shop_Hoang_Hoang_Long,3157
1620,Shop_Saffron & Sage_1620,3533
1621,Shop_Accessories_1621,3273
1622,Shop_Fashion_1622,6765
1623,Shop_Hoang_Hong_Khanh,8028
1624,Shop_Nguyen_Thanh_Binh,6281
1625,Shop_Saffron & Sage_1625,1082
1626,Shop_Lumina Studio_1626,9130
1627,Shop_Saffron & Sage_1627,921
1628,Shop_Fashion_1628,6383
1629,Shop_Saffron & Sage_1629,796
1630,Shop_Dang_Trong_Cuong,3399
1631,Shop_Lumina Studio_1631,2284
1632,Shop_Fashion_1632,3860
1633,Shop_Hoang_Thanh_Dung,432
1634,Shop_Saffron & Sage_1634,7447
1635,Shop_Le_Hong_Long,2182
1636,Shop_Pham_Hoang_Phuc,7752
1637,Shop_Zestie_1637,4679
1638,Shop_Fashion_1638,6247
1639,Shop_Accessories_1639,2820
1640,Shop_Saffron & Sage_1640,6892
1641,Shop_Lumina Studio_1641,4500
1642,Shop_Lumina Studio_1642,9666
1643,Shop_Vo_Thanh_Dung,7095
1644,Shop_Huynh_Thanh_Huy,4960
1645,Shop_Lumina Studio_1645,8164
1646,Shop_Lumina Studio_1646,4040
1647,Shop_Fashion_1647,8374
1648,Shop_Fashion_1648,2303
1649,Shop_Dang_Thanh_Phuc,4753
1650,Shop_Huynh_Hoang_Minh,698
1651,Shop_Le_Thanh_An,8609
1652,Shop_Pham_Thanh_Long,1396
1653,Shop_Fashion_1653,842
1654,Shop_Fashion_1654,4372
1655,Shop_Saffron & Sage_1655,301
1656,Shop_Zestie_1656,8281
1657,Shop_Saffron & Sage_1657,208
1658,Shop_Pham_Trong_Long,5232
1659,Shop_Accessories_1659,5235
1660,Shop_Lumina Studio_1660,7108
1661,Shop_Zestie_1661,3148
1662,Shop_Huynh_Hong_Khanh,1230
1663,Shop_Accessories_1663,8114
1664,Shop_Lumina Studio_1664,1354
1665,Shop_Lumina Studio_1665,3817
1666,Shop_Huynh_Hoang_Nam,5821
1667,Shop_Lumina Studio_1667,3873
1668,Shop_Fashion_1668,7560
1669,Shop_Nguyen_Hoang_An,3433
1670,Shop_Saffron & Sage_1670,9705
1671,Shop_Fashion_1671,7926
1672,Shop_Accessories_1672,2485
1673,Shop_Tran_Nha_Minh,7427
1674,Shop_Zestie_1674,2301
1675,Shop_Accessories_1675,3919
1676,Shop_Tran_Nha_Minh,5286
1677,Shop_Huynh_Trong_Cuong,4435
1678,Shop_Saffron & Sage_1678,1952
1679,Shop_Lumina Studio_1679,2177
1680,Shop_Saffron & Sage_1680,931
1681,Shop_Fashion_1681,2807
1682,Shop_Fashion_1682,2678
1683,Shop_Tran_Nha_An,1654
1684,Shop_Vo_Hoang_Binh,2966
1685,Shop_Fashion_1685,8233
1686,Shop_Hoang_Trong_Nam,2190
1687,Shop_Zestie_1687,9689
1688,Shop_Saffron & Sage_1688,2597
1689,Shop_Accessories_1689,3559
1690,Shop_Accessories_1690,1674
1691,Shop_Pham_Nha_Dung,8640
1692,Shop_Lumina Studio_1692,2026
1693,Shop_Le_Nha_Khanh,8020
1694,Shop_Accessories_1694,4916
1695,Shop_Saffron & Sage_1695,333
1696,Shop_Accessories_1696,2521
1697,Shop_Saffron & Sage_1697,2477
1698,Shop_Saffron & Sage_1698,7223
1699,Shop_Accessories_1699,6560
1700,Shop_Accessories_1700,4831
1701,Shop_Le_Thanh_Huy,8307
1702,Shop_Zestie_1702,9216
1703,Shop_Tran_Hoang_Minh,931
1704,Shop_Fashion_1704,1874
1705,Shop_Lumina Studio_1705,3979
1706,Shop_Lumina Studio_1706,8673
1707,Shop_Le_Hong_An,603
1708,Shop_Zestie_1708,9707
1709,Shop_Dang_Nha_Dung,4899
1710,Shop_Le_Trong_Dung,2631
1711,Shop_Fashion_1711,685
1712,Shop_Accessories_1712,3421
1713,Shop_Dang_Trong_Dung,9010
1714,Shop_Accessories_1714,9678
1715,Shop_Fashion_1715,9964
1716,Shop_Zestie_1716,462
1717,Shop_Tran_Hoang_Phuc,3396
1718,Shop_Pham_Hong_Huy,5901
1719,Shop_Zestie_1719,7752
1720,Shop_Vo_Hong_Khanh,2529
1721,Shop_Saffron & Sage_1721,9287
1722,Shop_Accessories_1722,2863
1723,Shop_Dang_Hong_Khanh,5326
1724,Shop_Nguyen_Trong_Minh,1928
1725,Shop_Fashion_1725,7764
1726,Shop_Lumina Studio_1726,3919
1727,Shop_Accessories_1727,8531
1728,Shop_Lumina Studio_1728,5417
1729,Shop_Fashion_1729,2792
1730,Shop_Tran_Nha_Binh,897
1731,Shop_Saffron & Sage_1731,5307
1732,Shop_Lumina Studio_1732,4260
1733,Shop_Tran_Nha_An,1192
1734,Shop_Huynh_Hong_Minh,216
1735,Shop_Dang_Thanh_Dung,1553
1736,Shop_Fashion_1736,9920
1737,Shop_Zestie_1737,9741
1738,Shop_Tran_Hong_Nam,4341
1739,Shop_Huynh_Thanh_Phuc,8188
1740,Shop_Accessories_1740,9017
1741,Shop_Le_Nha_Nam,3514
1742,Shop_Lumina Studio_1742,2044
1743,Shop_Nguyen_Nha_Cuong,2698
1744,Shop_Zestie_1744,3649
1745,Shop_Zestie_1745,2923
1746,Shop_Accessories_1746,9135
1747,Shop_Zestie_1747,3474
1748,Shop_Zestie_1748,383
1749,Shop_Zestie_1749,6205
1750,Shop_Fashion_1750,3794
1751,Shop_Fashion_1751,3886
1752,Shop_Accessories_1752,651
1753,Shop_Accessories_1753,4234
1754,Shop_Accessories_1754,560
1755,Shop_Lumina Studio_1755,8175
1756,Shop_Dang_Hoang_Dung,2849
1757,Shop_Hoang_Trong_An,1591
1758,Shop_Lumina Studio_1758,5142
1759,Shop_Le_Nha_Minh,7269
1760,Shop_Zestie_1760,3636
1761,Shop_Le_Hoang_Nam,6454
1762,Shop_Lumina Studio_1762,4699
1763,Shop_Lumina Studio_1763,2020
1764,Shop_Le_Trong_Khanh,6774
1765,Shop_Hoang_Nha_Huy,8163
1766,Shop_Le_Hoang_Khanh,5066
1767,Shop_Nguyen_Thanh_Long,1925
1768,Shop_Vo_Nha_Long,8132
1769,Shop_Fashion_1769,8
1770,Shop_Dang_Trong_Minh,1949
1771,Shop_Accessories_1771,6637
1772,Shop_Hoang_Trong_Minh,1973
1773,Shop_Fashion_1773,7885
1774,Shop_Accessories_1774,7384
1775,Shop_Fashion_1775,4643
1776,Shop_Zestie_1776,778
1777,Shop_Vo_Hong_Khanh,8591
1778,Shop_Lumina Studio_1778,4069
1779,Shop_Vo_Trong_An,6857
1780,Shop_Accessories_1780,7294
1781,Shop_Accessories_1781,6625
1782,Shop_Lumina Studio_1782,612
1783,Shop_Vo_Hong_Phuc,355
1784,Shop_Accessories_1784,9692
1785,Shop_Lumina Studio_1785,5987
1786,Shop_Lumina Studio_1786,2948
1787,Shop_Lumina Studio_1787,4572
1788,Shop_Vo_Hoang_Phuc,8853
1789,Shop_Lumina Studio_1789,1852
1790,Shop_Zestie_1790,9024
1791,Shop_Accessories_1791,5071
1792,Shop_Lumina Studio_1792,4591
1793,Shop_Zestie_1793,8596
1794,Shop_Fashion_1794,762
1795,Shop_Pham_Hoang_Khanh,9466
1796,Shop_Huynh_Hoang_Dung,7365
1797,Shop_Fashion_1797,6451
1798,Shop_Hoang_Trong_Binh,1033
1799,Shop_Vo_Nha_Long,5385
1800,Shop_Accessories_1800,5749
1801,Shop_Saffron & Sage_1801,9350
1802,Shop_Zestie_1802,9970
1803,Shop_Lumina Studio_1803,2952
1804,Shop_Saffron & Sage_1804,6994
1805,Shop_Saffron & Sage_1805,5488
1806,Shop_Zestie_1806,2965
1807,Shop_Zestie_1807,6593
1808,Shop_Lumina Studio_1808,5640
1809,Shop_Saffron & Sage_1809,373
1810,Shop_Lumina Studio_1810,4692
1811,Shop_Nguyen_Hoang_Binh,8605
1812,Shop_Fashion_1812,8524
1813,Shop_Fashion_1813,4611
1814,Shop_Lumina Studio_1814,1134
1815,Shop_Dang_Hong_Phuc,6990
1816,Shop_Fashion_1816,1436
1817,Shop_Nguyen_Thanh_Phuc,1630
1818,Shop_Saffron & Sage_1818,6812
1819,Shop_Hoang_Hong_Long,3409
1820,Shop_Zestie_1820,2486
1821,Shop_Lumina Studio_1821,8143
1822,Shop_Zestie_1822,3040
1823,Shop_Zestie_1823,7919
1824,Shop_Fashion_1824,7089
1825,Shop_Hoang_Trong_Huy,748
1826,Shop_Saffron & Sage_1826,1821
1827,Shop_Le_Hoang_Khanh,1736
1828,Shop_Fashion_1828,4649
1829,Shop_Saffron & Sage_1829,9688
1830,Shop_Le_Hoang_Long,4994
1831,Shop_Huynh_Hong_Dung,19
1832,Shop_Fashion_1832,3032
1833,Shop_Dang_Trong_Khanh,8350
1834,Shop_Fashion_1834,6562
1835,Shop_Accessories_1835,5721
1836,Shop_Saffron & Sage_1836,2532
1837,Shop_Accessories_1837,6186
1838,Shop_Lumina Studio_1838,1495
1839,Shop_Lumina Studio_1839,1931
1840,Shop_Lumina Studio_1840,8757
1841,Shop_Saffron & Sage_1841,5971
1842,Shop_Nguyen_Trong_Cuong,5443
1843,Shop_Lumina Studio_1843,5456
1844,Shop_Accessories_1844,2589
1845,Shop_Saffron & Sage_1845,9421
1846,Shop_Pham_Nha_Khanh,3954
1847,Shop_Huynh_Hong_Cuong,111
1848,Shop_Pham_Thanh_Nam,7538
1849,Shop_Zestie_1849,7278
1850,Shop_Vo_Nha_Khanh,5453
1851,Shop_Lumina Studio_1851,5246
1852,Shop_Pham_Hoang_Binh,6594
1853,Shop_Tran_Trong_Phuc,4908
1854,Shop_Dang_Hong_Phuc,7968
1855,Shop_Accessories_1855,8689
1856,Shop_Accessories_1856,8733
1857,Shop_Saffron & Sage_1857,2576
1858,Shop_Huynh_Trong_Dung,2294
1859,Shop_Nguyen_Thanh_Phuc,485
1860,Shop_Saffron & Sage_1860,3774
1861,Shop_Dang_Hong_Binh,7450
1862,Shop_Lumina Studio_1862,2025
1863,Shop_Vo_Hoang_Phuc,1969
1864,Shop_Saffron & Sage_1864,3839
1865,Shop_Saffron & Sage_1865,3736
1866,Shop_Nguyen_Thanh_Long,6830
1867,Shop_Fashion_1867,5188
1868,Shop_Lumina Studio_1868,4783
1869,Shop_Fashion_1869,4068
1870,Shop_Saffron & Sage_1870,1686
1871,Shop_Zestie_1871,377
1872,Shop_Nguyen_Hong_Nam,3761
1873,Shop_Accessories_1873,7843
1874,Shop_Accessories_1874,5232
1875,Shop_Fashion_1875,3994
1876,Shop_Vo_Thanh_Long,951
1877,Shop_Fashion_1877,6313
1878,Shop_Fashion_1878,5433
1879,Shop_Dang_Hong_Phuc,1756
1880,Shop_Zestie_1880,3599
1881,Shop_Pham_Nha_Phuc,5175
1882,Shop_Fashion_1882,768
1883,Shop_Fashion_1883,2952
1884,Shop_Saffron & Sage_1884,2027
1885,Shop_Nguyen_Hoang_Long,182
1886,Shop_Lumina Studio_1886,3434
1887,Shop_Fashion_1887,4926
1888,Shop_Accessories_1888,8125
1889,Shop_Saffron & Sage_1889,4100
1890,Shop_Saffron & Sage_1890,6185
1891,Shop_Fashion_1891,9527
1892,Shop_Tran_Thanh_Binh,2152
1893,Shop_Zestie_1893,5781
1894,Shop_Zestie_1894,8307
1895,Shop_Lumina Studio_1895,575
1896,Shop_Lumina Studio_1896,3911
1897,Shop_Le_Hong_Long,1658
1898,Shop_Lumina Studio_1898,562
1899,Shop_Tran_Nha_Dung,8899
1900,Shop_Zestie_1900,5417
1901,Shop_Saffron & Sage_1901,1734
1902,Shop_Le_Nha_Nam,8116
1903,Shop_Vo_Hoang_Phuc,7432
1904,Shop_Saffron & Sage_1904,836
1905,Shop_Zestie_1905,1701
1906,Shop_Le_Nha_Long,4609
1907,Shop_Huynh_Hong_Minh,584
1908,Shop_Tran_Hoang_Minh,8830
1909,Shop_Fashion_1909,1275
1910,Shop_Zestie_1910,4291
1911,Shop_Fashion_1911,9473
1912,Shop_Fashion_1912,4819
1913,Shop_Saffron & Sage_1913,3794
1914,Shop_Accessories_1914,3143
1915,Shop_Zestie_1915,5113
1916,Shop_Pham_Hoang_Huy,8750
1917,Shop_Lumina Studio_1917,2170
1918,Shop_Nguyen_Trong_Nam,6249
1919,Shop_Vo_Trong_Cuong,7598
1920,Shop_Zestie_1920,2704
1921,Shop_Saffron & Sage_1921,3924
1922,Shop_Fashion_1922,131
1923,Shop_Zestie_1923,8360
1924,Shop_Lumina Studio_1924,843
1925,Shop_Nguyen_Hoang_Nam,5404
1926,Shop_Dang_Thanh_Binh,3780
1927,Shop_Saffron & Sage_1927,33
1928,Shop_Pham_Hoang_Huy,3010
1929,Shop_Fashion_1929,3716
1930,Shop_Dang_Hong_Binh,5098
1931,Shop_Hoang_Nha_Phuc,4830
1932,Shop_Accessories_1932,9802
1933,Shop_Lumina Studio_1933,6496
1934,Shop_Hoang_Hong_Phuc,3531
1935,Shop_Nguyen_Hong_Minh,9598
1936,Shop_Zestie_1936,7862
1937,Shop_Vo_Thanh_Cuong,7786
1938,Shop_Accessories_1938,720
1939,Shop_Tran_Nha_Dung,7056
1940,Shop_Accessories_1940,3810
1941,Shop_Hoang_Thanh_Cuong,2446
1942,Shop_Hoang_Hoang_Nam,8149
1943,Shop_Huynh_Hoang_Minh,9629
1944,Shop_Le_Nha_Dung,9183
1945,Shop_Accessories_1945,609
1946,Shop_Nguyen_Hoang_Cuong,6366
1947,Shop_Saffron & Sage_1947,4794
1948,Shop_Fashion_1948,9934
1949,Shop_Pham_Thanh_Cuong,7815
1950,Shop_Hoang_Hong_Binh,6397
1951,Shop_Le_Thanh_An,9699
1952,Shop_Vo_Hong_Minh,815
1953,Shop_Dang_Hoang_Khanh,2408
1954,Shop_Accessories_1954,7857
1955,Shop_Saffron & Sage_1955,8129
1956,Shop_Vo_Hoang_Khanh,7147
1957,Shop_Accessories_1957,3852
1958,Shop_Zestie_1958,2312
1959,Shop_Zestie_1959,6875
1960,Shop_Saffron & Sage_1960,6710
1961,Shop_Lumina Studio_1961,3836
1962,Shop_Vo_Thanh_Binh,2783
1963,Shop_Fashion_1963,4231
1964,Shop_Zestie_1964,8818
1965,Shop_Zestie_1965,3517
1966,Shop_Saffron & Sage_1966,1724
1967,Shop_Zestie_1967,4701
1968,Shop_Saffron & Sage_1968,7316
1969,Shop_Fashion_1969,7182
1970,Shop_Zestie_1970,3381
1971,Shop_Fashion_1971,7824
1972,Shop_Zestie_1972,4944
1973,Shop_Saffron & Sage_1973,9343
1974,Shop_Accessories_1974,7294
1975,Shop_Pham_Thanh_Long,8995
1976,Shop_Fashion_1976,5238
1977,Shop_Lumina Studio_1977,816
1978,Shop_Accessories_1978,5940
1979,Shop_Tran_Trong_Binh,7352
1980,Shop_Le_Hong_Binh,4094
1981,Shop_Accessories_1981,9266
1982,Shop_Lumina Studio_1982,2552
1983,Shop_Saffron & Sage_1983,3907
1984,Shop_Pham_Nha_Huy,6008
1985,Shop_Lumina Studio_1985,2397
1986,Shop_Saffron & Sage_1986,4705
1987,Shop_Fashion_1987,5864
1988,Shop_Fashion_1988,9898
1989,Shop_Zestie_1989,3137
1990,Shop_Nguyen_Trong_An,3920
1991,Shop_Accessories_1991,2296
1992,Shop_Accessories_1992,22
1993,Shop_Vo_Trong_Khanh,6629
1994,Shop_Lumina Studio_1994,3382
1995,Shop_Lumina Studio_1995,5580
1996,Shop_Nguyen_Hoang_Khanh,9021
1997,Shop_Le_Hoang_Phuc,1936
1998,Shop_Zestie_1998,7470
1999,Shop_Huynh_Hong_Khanh,1230
2000,Shop_Vo_Hong_Cuong,7350
