user_id,name,email,password
U0001,User 1,user1@gmail.com,123456
U0002,User 2,user2@gmail.com,123456
U0003,User 3,user3@gmail.com,123456
U0004,User 4,user4@gmail.com,123456
U0005,User 5,user5@gmail.com,123456
U0006,User 6,user6@gmail.com,123456
U0007,User 7,user7@gmail.com,123456
U0008,User 8,user8@gmail.com,123456
U0009,User 9,user9@gmail.com,123456
U0010,User 10,user10@gmail.com,123456
U0011,User 11,user11@gmail.com,123456
U0012,User 12,user12@gmail.com,123456
U0013,User 13,user13@gmail.com,123456
U0014,User 14,user14@gmail.com,123456
U0015,User 15,user15@gmail.com,123456
U0016,User 16,user16@gmail.com,123456
U0017,User 17,user17@gmail.com,123456
U0018,User 18,user18@gmail.com,123456
U0019,User 19,user19@gmail.com,123456
U0020,,user20@gmail.com,123456
U0021,User 21,user21@gmail.com,123456
U0022,User 22,user22@gmail.com,123456
U0023,User 23,user23@gmail.com,123456
U0024,User 24,user24@gmail.com,123456
U0025,User 25,,123456
U0026,User 26,user26@gmail.com,123456
U0027,User 27,user27@gmail.com,123456
U0028,User 28,user28@gmail.com,123456
U0029,User 29,user29@gmail.com,123456
U0030,User 30,user30@gmail.com,123456
U0031,User 31,user31@gmail.com,123456
U0032,User 32,user32@gmail.com,123456
U0033,User 33,user33@gmail.com,123456
U0034,User 34,user34@gmail.com,123456
U0035,User 35,user35@gmail.com,123456
U0036,User 36,user36@gmail.com,123456
U0037,User 37,user37@gmail.com,123456
U0038,User 38,user38@gmail.com,123456
U0039,User 39,user39@gmail.com,123456
U0040,,user40@gmail.com,123456
U0041,User 41,user41@gmail.com,123456
U0042,User 42,user42@gmail.com,123456
U0043,User 43,user43@gmail.com,123456
U0044,User 44,user44@gmail.com,123456
U0045,User 45,user45@gmail.com,123456
U0046,User 46,user46@gmail.com,123456
U0047,User 47,user47@gmail.com,123456
U0048,User 48,user48@gmail.com,123456
U0049,User 49,user49@gmail.com,123456
U0050,User 50,,123456
U0051,User 51,user51@gmail.com,123456
U0052,User 52,user52@gmail.com,123456
U0053,User 53,user53@gmail.com,123456
U0054,User 54,user54@gmail.com,123456
U0055,User 55,user55@gmail.com,123456
U0056,User 56,user56@gmail.com,123456
U0057,User 57,user57@gmail.com,123456
U0058,User 58,user58@gmail.com,123456
U0059,User 59,user59@gmail.com,123456
U0060,,user60@gmail.com,123456
U0061,User 61,user61@gmail.com,123456
U0062,User 62,user62@gmail.com,123456
U0063,User 63,user63@gmail.com,123456
U0064,User 64,user64@gmail.com,123456
U0065,User 65,user65@gmail.com,123456
U0066,User 66,user66@gmail.com,123456
U0067,User 67,user67@gmail.com,123456
U0068,User 68,user68@gmail.com,123456
U0069,User 69,user69@gmail.com,123456
U0070,User 70,user70@gmail.com,123456
U0071,User 71,user71@gmail.com,123456
U0072,User 72,user72@gmail.com,123456
U0073,User 73,user73@gmail.com,123456
U0074,User 74,user74@gmail.com,123456
U0075,User 75,,123456
U0076,User 76,user76@gmail.com,123456
U0077,User 77,user77@gmail.com,123456
U0078,User 78,user78@gmail.com,123456
U0079,User 79,user79@gmail.com,123456
U0080,,user80@gmail.com,123456
U0081,User 81,user81@gmail.com,123456
U0082,User 82,user82@gmail.com,123456
U0083,User 83,user83@gmail.com,123456
U0084,User 84,user84@gmail.com,123456
U0085,User 85,user85@gmail.com,123456
U0086,User 86,user86@gmail.com,123456
U0087,User 87,user87@gmail.com,123456
U0088,User 88,user88@gmail.com,123456
U0089,User 89,user89@gmail.com,123456
U0090,User 90,user90@gmail.com,123456
U0091,User 91,user91@gmail.com,123456
U0092,User 92,user92@gmail.com,123456
U0093,User 93,user93@gmail.com,123456
U0094,User 94,user94@gmail.com,123456
U0095,User 95,user95@gmail.com,123456
U0096,User 96,user96@gmail.com,123456
U0097,User 97,user97@gmail.com,123456
U0098,User 98,user98@gmail.com,123456
U0099,User 99,user99@gmail.com,123456
U0100,,,123456
U0101,User 101,user101@gmail.com,123456
U0102,User 102,user102@gmail.com,123456
U0103,User 103,user103@gmail.com,123456
U0104,User 104,user104@gmail.com,123456
U0105,User 105,user105@gmail.com,123456
U0106,User 106,user106@gmail.com,123456
U0107,User 107,user107@gmail.com,123456
U0108,User 108,user108@gmail.com,123456
U0109,User 109,user109@gmail.com,123456
U0110,User 110,user110@gmail.com,123456
U0111,User 111,user111@gmail.com,123456
U0112,User 112,user112@gmail.com,123456
U0113,User 113,user113@gmail.com,123456
U0114,User 114,user114@gmail.com,123456
U0115,User 115,user115@gmail.com,123456
U0116,User 116,user116@gmail.com,123456
U0117,User 117,user117@gmail.com,123456
U0118,User 118,user118@gmail.com,123456
U0119,User 119,user119@gmail.com,123456
U0120,,user120@gmail.com,123456
U0121,User 121,user121@gmail.com,123456
U0122,User 122,user122@gmail.com,123456
U0123,User 123,user123@gmail.com,123456
U0124,User 124,user124@gmail.com,123456
U0125,User 125,,123456
U0126,User 126,user126@gmail.com,123456
U0127,User 127,user127@gmail.com,123456
U0128,User 128,user128@gmail.com,123456
U0129,User 129,user129@gmail.com,123456
U0130,User 130,user130@gmail.com,123456
U0131,User 131,user131@gmail.com,123456
U0132,User 132,user132@gmail.com,123456
U0133,User 133,user133@gmail.com,123456
U0134,User 134,user134@gmail.com,123456
U0135,User 135,user135@gmail.com,123456
U0136,User 136,user136@gmail.com,123456
U0137,User 137,user137@gmail.com,123456
U0138,User 138,user138@gmail.com,123456
U0139,User 139,user139@gmail.com,123456
U0140,,user140@gmail.com,123456
U0141,User 141,user141@gmail.com,123456
U0142,User 142,user142@gmail.com,123456
U0143,User 143,user143@gmail.com,123456
U0144,User 144,user144@gmail.com,123456
U0145,User 145,user145@gmail.com,123456
U0146,User 146,user146@gmail.com,123456
U0147,User 147,user147@gmail.com,123456
U0148,User 148,user148@gmail.com,123456
U0149,User 149,user149@gmail.com,123456
U0150,User 150,,123456
U0151,User 151,user151@gmail.com,123456
U0152,User 152,user152@gmail.com,123456
U0153,User 153,user153@gmail.com,123456
U0154,User 154,user154@gmail.com,123456
U0155,User 155,user155@gmail.com,123456
U0156,User 156,user156@gmail.com,123456
U0157,User 157,user157@gmail.com,123456
U0158,User 158,user158@gmail.com,123456
U0159,User 159,user159@gmail.com,123456
U0160,,user160@gmail.com,123456
U0161,User 161,user161@gmail.com,123456
U0162,User 162,user162@gmail.com,123456
U0163,User 163,user163@gmail.com,123456
U0164,User 164,user164@gmail.com,123456
U0165,User 165,user165@gmail.com,123456
U0166,User 166,user166@gmail.com,123456
U0167,User 167,user167@gmail.com,123456
U0168,User 168,user168@gmail.com,123456
U0169,User 169,user169@gmail.com,123456
U0170,User 170,user170@gmail.com,123456
U0171,User 171,user171@gmail.com,123456
U0172,User 172,user172@gmail.com,123456
U0173,User 173,user173@gmail.com,123456
U0174,User 174,user174@gmail.com,123456
U0175,User 175,,123456
U0176,User 176,user176@gmail.com,123456
U0177,User 177,user177@gmail.com,123456
U0178,User 178,user178@gmail.com,123456
U0179,User 179,user179@gmail.com,123456
U0180,,user180@gmail.com,123456
U0181,User 181,user181@gmail.com,123456
U0182,User 182,user182@gmail.com,123456
U0183,User 183,user183@gmail.com,123456
U0184,User 184,user184@gmail.com,123456
U0185,User 185,user185@gmail.com,123456
U0186,User 186,user186@gmail.com,123456
U0187,User 187,user187@gmail.com,123456
U0188,User 188,user188@gmail.com,123456
U0189,User 189,user189@gmail.com,123456
U0190,User 190,user190@gmail.com,123456
U0191,User 191,user191@gmail.com,123456
U0192,User 192,user192@gmail.com,123456
U0193,User 193,user193@gmail.com,123456
U0194,User 194,user194@gmail.com,123456
U0195,User 195,user195@gmail.com,123456
U0196,User 196,user196@gmail.com,123456
U0197,User 197,user197@gmail.com,123456
U0198,User 198,user198@gmail.com,123456
U0199,User 199,user199@gmail.com,123456
U0200,,,123456
U0201,User 201,user201@gmail.com,123456
U0202,User 202,user202@gmail.com,123456
U0203,User 203,user203@gmail.com,123456
U0204,User 204,user204@gmail.com,123456
U0205,User 205,user205@gmail.com,123456
U0206,User 206,user206@gmail.com,123456
U0207,User 207,user207@gmail.com,123456
U0208,User 208,user208@gmail.com,123456
U0209,User 209,user209@gmail.com,123456
U0210,User 210,user210@gmail.com,123456
U0211,User 211,user211@gmail.com,123456
U0212,User 212,user212@gmail.com,123456
U0213,User 213,user213@gmail.com,123456
U0214,User 214,user214@gmail.com,123456
U0215,User 215,user215@gmail.com,123456
U0216,User 216,user216@gmail.com,123456
U0217,User 217,user217@gmail.com,123456
U0218,User 218,user218@gmail.com,123456
U0219,User 219,user219@gmail.com,123456
U0220,,user220@gmail.com,123456
U0221,User 221,user221@gmail.com,123456
U0222,User 222,user222@gmail.com,123456
U0223,User 223,user223@gmail.com,123456
U0224,User 224,user224@gmail.com,123456
U0225,User 225,,123456
U0226,User 226,user226@gmail.com,123456
U0227,User 227,user227@gmail.com,123456
U0228,User 228,user228@gmail.com,123456
U0229,User 229,user229@gmail.com,123456
U0230,User 230,user230@gmail.com,123456
U0231,User 231,user231@gmail.com,123456
U0232,User 232,user232@gmail.com,123456
U0233,User 233,user233@gmail.com,123456
U0234,User 234,user234@gmail.com,123456
U0235,User 235,user235@gmail.com,123456
U0236,User 236,user236@gmail.com,123456
U0237,User 237,user237@gmail.com,123456
U0238,User 238,user238@gmail.com,123456
U0239,User 239,user239@gmail.com,123456
U0240,,user240@gmail.com,123456
U0241,User 241,user241@gmail.com,123456
U0242,User 242,user242@gmail.com,123456
U0243,User 243,user243@gmail.com,123456
U0244,User 244,user244@gmail.com,123456
U0245,User 245,user245@gmail.com,123456
U0246,User 246,user246@gmail.com,123456
U0247,User 247,user247@gmail.com,123456
U0248,User 248,user248@gmail.com,123456
U0249,User 249,user249@gmail.com,123456
U0250,User 250,,123456
U0251,User 251,user251@gmail.com,123456
U0252,User 252,user252@gmail.com,123456
U0253,User 253,user253@gmail.com,123456
U0254,User 254,user254@gmail.com,123456
U0255,User 255,user255@gmail.com,123456
U0256,User 256,user256@gmail.com,123456
U0257,User 257,user257@gmail.com,123456
U0258,User 258,user258@gmail.com,123456
U0259,User 259,user259@gmail.com,123456
U0260,,user260@gmail.com,123456
U0261,User 261,user261@gmail.com,123456
U0262,User 262,user262@gmail.com,123456
U0263,User 263,user263@gmail.com,123456
U0264,User 264,user264@gmail.com,123456
U0265,User 265,user265@gmail.com,123456
U0266,User 266,user266@gmail.com,123456
U0267,User 267,user267@gmail.com,123456
U0268,User 268,user268@gmail.com,123456
U0269,User 269,user269@gmail.com,123456
U0270,User 270,user270@gmail.com,123456
U0271,User 271,user271@gmail.com,123456
U0272,User 272,user272@gmail.com,123456
U0273,User 273,user273@gmail.com,123456
U0274,User 274,user274@gmail.com,123456
U0275,User 275,,123456
U0276,User 276,user276@gmail.com,123456
U0277,User 277,user277@gmail.com,123456
U0278,User 278,user278@gmail.com,123456
U0279,User 279,user279@gmail.com,123456
U0280,,user280@gmail.com,123456
U0281,User 281,user281@gmail.com,123456
U0282,User 282,user282@gmail.com,123456
U0283,User 283,user283@gmail.com,123456
U0284,User 284,user284@gmail.com,123456
U0285,User 285,user285@gmail.com,123456
U0286,User 286,user286@gmail.com,123456
U0287,User 287,user287@gmail.com,123456
U0288,User 288,user288@gmail.com,123456
U0289,User 289,user289@gmail.com,123456
U0290,User 290,user290@gmail.com,123456
U0291,User 291,user291@gmail.com,123456
U0292,User 292,user292@gmail.com,123456
U0293,User 293,user293@gmail.com,123456
U0294,User 294,user294@gmail.com,123456
U0295,User 295,user295@gmail.com,123456
U0296,User 296,user296@gmail.com,123456
U0297,User 297,user297@gmail.com,123456
U0298,User 298,user298@gmail.com,123456
U0299,User 299,user299@gmail.com,123456
U0300,,,123456
U0301,User 301,user301@gmail.com,123456
U0302,User 302,user302@gmail.com,123456
U0303,User 303,user303@gmail.com,123456
U0304,User 304,user304@gmail.com,123456
U0305,User 305,user305@gmail.com,123456
U0306,User 306,user306@gmail.com,123456
U0307,User 307,user307@gmail.com,123456
U0308,User 308,user308@gmail.com,123456
U0309,User 309,user309@gmail.com,123456
U0310,User 310,user310@gmail.com,123456
U0311,User 311,user311@gmail.com,123456
U0312,User 312,user312@gmail.com,123456
U0313,User 313,user313@gmail.com,123456
U0314,User 314,user314@gmail.com,123456
U0315,User 315,user315@gmail.com,123456
U0316,User 316,user316@gmail.com,123456
U0317,User 317,user317@gmail.com,123456
U0318,User 318,user318@gmail.com,123456
U0319,User 319,user319@gmail.com,123456
U0320,,user320@gmail.com,123456
U0321,User 321,user321@gmail.com,123456
U0322,User 322,user322@gmail.com,123456
U0323,User 323,user323@gmail.com,123456
U0324,User 324,user324@gmail.com,123456
U0325,User 325,,123456
U0326,User 326,user326@gmail.com,123456
U0327,User 327,user327@gmail.com,123456
U0328,User 328,user328@gmail.com,123456
U0329,User 329,user329@gmail.com,123456
U0330,User 330,user330@gmail.com,123456
U0331,User 331,user331@gmail.com,123456
U0332,User 332,user332@gmail.com,123456
U0333,User 333,user333@gmail.com,123456
U0334,User 334,user334@gmail.com,123456
U0335,User 335,user335@gmail.com,123456
U0336,User 336,user336@gmail.com,123456
U0337,User 337,user337@gmail.com,123456
U0338,User 338,user338@gmail.com,123456
U0339,User 339,user339@gmail.com,123456
U0340,,user340@gmail.com,123456
U0341,User 341,user341@gmail.com,123456
U0342,User 342,user342@gmail.com,123456
U0343,User 343,user343@gmail.com,123456
U0344,User 344,user344@gmail.com,123456
U0345,User 345,user345@gmail.com,123456
U0346,User 346,user346@gmail.com,123456
U0347,User 347,user347@gmail.com,123456
U0348,User 348,user348@gmail.com,123456
U0349,User 349,user349@gmail.com,123456
U0350,User 350,,123456
U0351,User 351,user351@gmail.com,123456
U0352,User 352,user352@gmail.com,123456
U0353,User 353,user353@gmail.com,123456
U0354,User 354,user354@gmail.com,123456
U0355,User 355,user355@gmail.com,123456
U0356,User 356,user356@gmail.com,123456
U0357,User 357,user357@gmail.com,123456
U0358,User 358,user358@gmail.com,123456
U0359,User 359,user359@gmail.com,123456
U0360,,user360@gmail.com,123456
U0361,User 361,user361@gmail.com,123456
U0362,User 362,user362@gmail.com,123456
U0363,User 363,user363@gmail.com,123456
U0364,User 364,user364@gmail.com,123456
U0365,User 365,user365@gmail.com,123456
U0366,User 366,user366@gmail.com,123456
U0367,User 367,user367@gmail.com,123456
U0368,User 368,user368@gmail.com,123456
U0369,User 369,user369@gmail.com,123456
U0370,User 370,user370@gmail.com,123456
U0371,User 371,user371@gmail.com,123456
U0372,User 372,user372@gmail.com,123456
U0373,User 373,user373@gmail.com,123456
U0374,User 374,user374@gmail.com,123456
U0375,User 375,,123456
U0376,User 376,user376@gmail.com,123456
U0377,User 377,user377@gmail.com,123456
U0378,User 378,user378@gmail.com,123456
U0379,User 379,user379@gmail.com,123456
U0380,,user380@gmail.com,123456
U0381,User 381,user381@gmail.com,123456
U0382,User 382,user382@gmail.com,123456
U0383,User 383,user383@gmail.com,123456
U0384,User 384,user384@gmail.com,123456
U0385,User 385,user385@gmail.com,123456
U0386,User 386,user386@gmail.com,123456
U0387,User 387,user387@gmail.com,123456
U0388,User 388,user388@gmail.com,123456
U0389,User 389,user389@gmail.com,123456
U0390,User 390,user390@gmail.com,123456
U0391,User 391,user391@gmail.com,123456
U0392,User 392,user392@gmail.com,123456
U0393,User 393,user393@gmail.com,123456
U0394,User 394,user394@gmail.com,123456
U0395,User 395,user395@gmail.com,123456
U0396,User 396,user396@gmail.com,123456
U0397,User 397,user397@gmail.com,123456
U0398,User 398,user398@gmail.com,123456
U0399,User 399,user399@gmail.com,123456
U0400,,,123456
U0401,User 401,user401@gmail.com,123456
U0402,User 402,user402@gmail.com,123456
U0403,User 403,user403@gmail.com,123456
U0404,User 404,user404@gmail.com,123456
U0405,User 405,user405@gmail.com,123456
U0406,User 406,user406@gmail.com,123456
U0407,User 407,user407@gmail.com,123456
U0408,User 408,user408@gmail.com,123456
U0409,User 409,user409@gmail.com,123456
U0410,User 410,user410@gmail.com,123456
U0411,User 411,user411@gmail.com,123456
U0412,User 412,user412@gmail.com,123456
U0413,User 413,user413@gmail.com,123456
U0414,User 414,user414@gmail.com,123456
U0415,User 415,user415@gmail.com,123456
U0416,User 416,user416@gmail.com,123456
U0417,User 417,user417@gmail.com,123456
U0418,User 418,user418@gmail.com,123456
U0419,User 419,user419@gmail.com,123456
U0420,,user420@gmail.com,123456
U0421,User 421,user421@gmail.com,123456
U0422,User 422,user422@gmail.com,123456
U0423,User 423,user423@gmail.com,123456
U0424,User 424,user424@gmail.com,123456
U0425,User 425,,123456
U0426,User 426,user426@gmail.com,123456
U0427,User 427,user427@gmail.com,123456
U0428,User 428,user428@gmail.com,123456
U0429,User 429,user429@gmail.com,123456
U0430,User 430,user430@gmail.com,123456
U0431,User 431,user431@gmail.com,123456
U0432,User 432,user432@gmail.com,123456
U0433,User 433,user433@gmail.com,123456
U0434,User 434,user434@gmail.com,123456
U0435,User 435,user435@gmail.com,123456
U0436,User 436,user436@gmail.com,123456
U0437,User 437,user437@gmail.com,123456
U0438,User 438,user438@gmail.com,123456
U0439,User 439,user439@gmail.com,123456
U0440,,user440@gmail.com,123456
U0441,User 441,user441@gmail.com,123456
U0442,User 442,user442@gmail.com,123456
U0443,User 443,user443@gmail.com,123456
U0444,User 444,user444@gmail.com,123456
U0445,User 445,user445@gmail.com,123456
U0446,User 446,user446@gmail.com,123456
U0447,User 447,user447@gmail.com,123456
U0448,User 448,user448@gmail.com,123456
U0449,User 449,user449@gmail.com,123456
U0450,User 450,,123456
U0451,User 451,user451@gmail.com,123456
U0452,User 452,user452@gmail.com,123456
U0453,User 453,user453@gmail.com,123456
U0454,User 454,user454@gmail.com,123456
U0455,User 455,user455@gmail.com,123456
U0456,User 456,user456@gmail.com,123456
U0457,User 457,user457@gmail.com,123456
U0458,User 458,user458@gmail.com,123456
U0459,User 459,user459@gmail.com,123456
U0460,,user460@gmail.com,123456
U0461,User 461,user461@gmail.com,123456
U0462,User 462,user462@gmail.com,123456
U0463,User 463,user463@gmail.com,123456
U0464,User 464,user464@gmail.com,123456
U0465,User 465,user465@gmail.com,123456
U0466,User 466,user466@gmail.com,123456
U0467,User 467,user467@gmail.com,123456
U0468,User 468,user468@gmail.com,123456
U0469,User 469,user469@gmail.com,123456
U0470,User 470,user470@gmail.com,123456
U0471,User 471,user471@gmail.com,123456
U0472,User 472,user472@gmail.com,123456
U0473,User 473,user473@gmail.com,123456
U0474,User 474,user474@gmail.com,123456
U0475,User 475,,123456
U0476,User 476,user476@gmail.com,123456
U0477,User 477,user477@gmail.com,123456
U0478,User 478,user478@gmail.com,123456
U0479,User 479,user479@gmail.com,123456
U0480,,user480@gmail.com,123456
U0481,User 481,user481@gmail.com,123456
U0482,User 482,user482@gmail.com,123456
U0483,User 483,user483@gmail.com,123456
U0484,User 484,user484@gmail.com,123456
U0485,User 485,user485@gmail.com,123456
U0486,User 486,user486@gmail.com,123456
U0487,User 487,user487@gmail.com,123456
U0488,User 488,user488@gmail.com,123456
U0489,User 489,user489@gmail.com,123456
U0490,User 490,user490@gmail.com,123456
U0491,User 491,user491@gmail.com,123456
U0492,User 492,user492@gmail.com,123456
U0493,User 493,user493@gmail.com,123456
U0494,User 494,user494@gmail.com,123456
U0495,User 495,user495@gmail.com,123456
U0496,User 496,user496@gmail.com,123456
U0497,User 497,user497@gmail.com,123456
U0498,User 498,user498@gmail.com,123456
U0499,User 499,user499@gmail.com,123456
U0500,,,123456
U0501,User 501,user501@gmail.com,123456
U0502,User 502,user502@gmail.com,123456
U0503,User 503,user503@gmail.com,123456
U0504,User 504,user504@gmail.com,123456
U0505,User 505,user505@gmail.com,123456
U0506,User 506,user506@gmail.com,123456
U0507,User 507,user507@gmail.com,123456
U0508,User 508,user508@gmail.com,123456
U0509,User 509,user509@gmail.com,123456
U0510,User 510,user510@gmail.com,123456
U0511,User 511,user511@gmail.com,123456
U0512,User 512,user512@gmail.com,123456
U0513,User 513,user513@gmail.com,123456
U0514,User 514,user514@gmail.com,123456
U0515,User 515,user515@gmail.com,123456
U0516,User 516,user516@gmail.com,123456
U0517,User 517,user517@gmail.com,123456
U0518,User 518,user518@gmail.com,123456
U0519,User 519,user519@gmail.com,123456
U0520,,user520@gmail.com,123456
U0521,User 521,user521@gmail.com,123456
U0522,User 522,user522@gmail.com,123456
U0523,User 523,user523@gmail.com,123456
U0524,User 524,user524@gmail.com,123456
U0525,User 525,,123456
U0526,User 526,user526@gmail.com,123456
U0527,User 527,user527@gmail.com,123456
U0528,User 528,user528@gmail.com,123456
U0529,User 529,user529@gmail.com,123456
U0530,User 530,user530@gmail.com,123456
U0531,User 531,user531@gmail.com,123456
U0532,User 532,user532@gmail.com,123456
U0533,User 533,user533@gmail.com,123456
U0534,User 534,user534@gmail.com,123456
U0535,User 535,user535@gmail.com,123456
U0536,User 536,user536@gmail.com,123456
U0537,User 537,user537@gmail.com,123456
U0538,User 538,user538@gmail.com,123456
U0539,User 539,user539@gmail.com,123456
U0540,,user540@gmail.com,123456
U0541,User 541,user541@gmail.com,123456
U0542,User 542,user542@gmail.com,123456
U0543,User 543,user543@gmail.com,123456
U0544,User 544,user544@gmail.com,123456
U0545,User 545,user545@gmail.com,123456
U0546,User 546,user546@gmail.com,123456
U0547,User 547,user547@gmail.com,123456
U0548,User 548,user548@gmail.com,123456
U0549,User 549,user549@gmail.com,123456
U0550,User 550,,123456
U0551,User 551,user551@gmail.com,123456
U0552,User 552,user552@gmail.com,123456
U0553,User 553,user553@gmail.com,123456
U0554,User 554,user554@gmail.com,123456
U0555,User 555,user555@gmail.com,123456
U0556,User 556,user556@gmail.com,123456
U0557,User 557,user557@gmail.com,123456
U0558,User 558,user558@gmail.com,123456
U0559,User 559,user559@gmail.com,123456
U0560,,user560@gmail.com,123456
U0561,User 561,user561@gmail.com,123456
U0562,User 562,user562@gmail.com,123456
U0563,User 563,user563@gmail.com,123456
U0564,User 564,user564@gmail.com,123456
U0565,User 565,user565@gmail.com,123456
U0566,User 566,user566@gmail.com,123456
U0567,User 567,user567@gmail.com,123456
U0568,User 568,user568@gmail.com,123456
U0569,User 569,user569@gmail.com,123456
U0570,User 570,user570@gmail.com,123456
U0571,User 571,user571@gmail.com,123456
U0572,User 572,user572@gmail.com,123456
U0573,User 573,user573@gmail.com,123456
U0574,User 574,user574@gmail.com,123456
U0575,User 575,,123456
U0576,User 576,user576@gmail.com,123456
U0577,User 577,user577@gmail.com,123456
U0578,User 578,user578@gmail.com,123456
U0579,User 579,user579@gmail.com,123456
U0580,,user580@gmail.com,123456
U0581,User 581,user581@gmail.com,123456
U0582,User 582,user582@gmail.com,123456
U0583,User 583,user583@gmail.com,123456
U0584,User 584,user584@gmail.com,123456
U0585,User 585,user585@gmail.com,123456
U0586,User 586,user586@gmail.com,123456
U0587,User 587,user587@gmail.com,123456
U0588,User 588,user588@gmail.com,123456
U0589,User 589,user589@gmail.com,123456
U0590,User 590,user590@gmail.com,123456
U0591,User 591,user591@gmail.com,123456
U0592,User 592,user592@gmail.com,123456
U0593,User 593,user593@gmail.com,123456
U0594,User 594,user594@gmail.com,123456
U0595,User 595,user595@gmail.com,123456
U0596,User 596,user596@gmail.com,123456
U0597,User 597,user597@gmail.com,123456
U0598,User 598,user598@gmail.com,123456
U0599,User 599,user599@gmail.com,123456
U0600,,,123456
U0601,User 601,user601@gmail.com,123456
U0602,User 602,user602@gmail.com,123456
U0603,User 603,user603@gmail.com,123456
U0604,User 604,user604@gmail.com,123456
U0605,User 605,user605@gmail.com,123456
U0606,User 606,user606@gmail.com,123456
U0607,User 607,user607@gmail.com,123456
U0608,User 608,user608@gmail.com,123456
U0609,User 609,user609@gmail.com,123456
U0610,User 610,user610@gmail.com,123456
U0611,User 611,user611@gmail.com,123456
U0612,User 612,user612@gmail.com,123456
U0613,User 613,user613@gmail.com,123456
U0614,User 614,user614@gmail.com,123456
U0615,User 615,user615@gmail.com,123456
U0616,User 616,user616@gmail.com,123456
U0617,User 617,user617@gmail.com,123456
U0618,User 618,user618@gmail.com,123456
U0619,User 619,user619@gmail.com,123456
U0620,,user620@gmail.com,123456
U0621,User 621,user621@gmail.com,123456
U0622,User 622,user622@gmail.com,123456
U0623,User 623,user623@gmail.com,123456
U0624,User 624,user624@gmail.com,123456
U0625,User 625,,123456
U0626,User 626,user626@gmail.com,123456
U0627,User 627,user627@gmail.com,123456
U0628,User 628,user628@gmail.com,123456
U0629,User 629,user629@gmail.com,123456
U0630,User 630,user630@gmail.com,123456
U0631,User 631,user631@gmail.com,123456
U0632,User 632,user632@gmail.com,123456
U0633,User 633,user633@gmail.com,123456
U0634,User 634,user634@gmail.com,123456
U0635,User 635,user635@gmail.com,123456
U0636,User 636,user636@gmail.com,123456
U0637,User 637,user637@gmail.com,123456
U0638,User 638,user638@gmail.com,123456
U0639,User 639,user639@gmail.com,123456
U0640,,user640@gmail.com,123456
U0641,User 641,user641@gmail.com,123456
U0642,User 642,user642@gmail.com,123456
U0643,User 643,user643@gmail.com,123456
U0644,User 644,user644@gmail.com,123456
U0645,User 645,user645@gmail.com,123456
U0646,User 646,user646@gmail.com,123456
U0647,User 647,user647@gmail.com,123456
U0648,User 648,user648@gmail.com,123456
U0649,User 649,user649@gmail.com,123456
U0650,User 650,,123456
U0651,User 651,user651@gmail.com,123456
U0652,User 652,user652@gmail.com,123456
U0653,User 653,user653@gmail.com,123456
U0654,User 654,user654@gmail.com,123456
U0655,User 655,user655@gmail.com,123456
U0656,User 656,user656@gmail.com,123456
U0657,User 657,user657@gmail.com,123456
U0658,User 658,user658@gmail.com,123456
U0659,User 659,user659@gmail.com,123456
U0660,,user660@gmail.com,123456
U0661,User 661,user661@gmail.com,123456
U0662,User 662,user662@gmail.com,123456
U0663,User 663,user663@gmail.com,123456
U0664,User 664,user664@gmail.com,123456
U0665,User 665,user665@gmail.com,123456
U0666,User 666,user666@gmail.com,123456
U0667,User 667,user667@gmail.com,123456
U0668,User 668,user668@gmail.com,123456
U0669,User 669,user669@gmail.com,123456
U0670,User 670,user670@gmail.com,123456
U0671,User 671,user671@gmail.com,123456
U0672,User 672,user672@gmail.com,123456
U0673,User 673,user673@gmail.com,123456
U0674,User 674,user674@gmail.com,123456
U0675,User 675,,123456
U0676,User 676,user676@gmail.com,123456
U0677,User 677,user677@gmail.com,123456
U0678,User 678,user678@gmail.com,123456
U0679,User 679,user679@gmail.com,123456
U0680,,user680@gmail.com,123456
U0681,User 681,user681@gmail.com,123456
U0682,User 682,user682@gmail.com,123456
U0683,User 683,user683@gmail.com,123456
U0684,User 684,user684@gmail.com,123456
U0685,User 685,user685@gmail.com,123456
U0686,User 686,user686@gmail.com,123456
U0687,User 687,user687@gmail.com,123456
U0688,User 688,user688@gmail.com,123456
U0689,User 689,user689@gmail.com,123456
U0690,User 690,user690@gmail.com,123456
U0691,User 691,user691@gmail.com,123456
U0692,User 692,user692@gmail.com,123456
U0693,User 693,user693@gmail.com,123456
U0694,User 694,user694@gmail.com,123456
U0695,User 695,user695@gmail.com,123456
U0696,User 696,user696@gmail.com,123456
U0697,User 697,user697@gmail.com,123456
U0698,User 698,user698@gmail.com,123456
U0699,User 699,user699@gmail.com,123456
U0700,,,123456
U0701,User 701,user701@gmail.com,123456
U0702,User 702,user702@gmail.com,123456
U0703,User 703,user703@gmail.com,123456
U0704,User 704,user704@gmail.com,123456
U0705,User 705,user705@gmail.com,123456
U0706,User 706,user706@gmail.com,123456
U0707,User 707,user707@gmail.com,123456
U0708,User 708,user708@gmail.com,123456
U0709,User 709,user709@gmail.com,123456
U0710,User 710,user710@gmail.com,123456
U0711,User 711,user711@gmail.com,123456
U0712,User 712,user712@gmail.com,123456
U0713,User 713,user713@gmail.com,123456
U0714,User 714,user714@gmail.com,123456
U0715,User 715,user715@gmail.com,123456
U0716,User 716,user716@gmail.com,123456
U0717,User 717,user717@gmail.com,123456
U0718,User 718,user718@gmail.com,123456
U0719,User 719,user719@gmail.com,123456
U0720,,user720@gmail.com,123456
U0721,User 721,user721@gmail.com,123456
U0722,User 722,user722@gmail.com,123456
U0723,User 723,user723@gmail.com,123456
U0724,User 724,user724@gmail.com,123456
U0725,User 725,,123456
U0726,User 726,user726@gmail.com,123456
U0727,User 727,user727@gmail.com,123456
U0728,User 728,user728@gmail.com,123456
U0729,User 729,user729@gmail.com,123456
U0730,User 730,user730@gmail.com,123456
U0731,User 731,user731@gmail.com,123456
U0732,User 732,user732@gmail.com,123456
U0733,User 733,user733@gmail.com,123456
U0734,User 734,user734@gmail.com,123456
U0735,User 735,user735@gmail.com,123456
U0736,User 736,user736@gmail.com,123456
U0737,User 737,user737@gmail.com,123456
U0738,User 738,user738@gmail.com,123456
U0739,User 739,user739@gmail.com,123456
U0740,,user740@gmail.com,123456
U0741,User 741,user741@gmail.com,123456
U0742,User 742,user742@gmail.com,123456
U0743,User 743,user743@gmail.com,123456
U0744,User 744,user744@gmail.com,123456
U0745,User 745,user745@gmail.com,123456
U0746,User 746,user746@gmail.com,123456
U0747,User 747,user747@gmail.com,123456
U0748,User 748,user748@gmail.com,123456
U0749,User 749,user749@gmail.com,123456
U0750,User 750,,123456
U0751,User 751,user751@gmail.com,123456
U0752,User 752,user752@gmail.com,123456
U0753,User 753,user753@gmail.com,123456
U0754,User 754,user754@gmail.com,123456
U0755,User 755,user755@gmail.com,123456
U0756,User 756,user756@gmail.com,123456
U0757,User 757,user757@gmail.com,123456
U0758,User 758,user758@gmail.com,123456
U0759,User 759,user759@gmail.com,123456
U0760,,user760@gmail.com,123456
U0761,User 761,user761@gmail.com,123456
U0762,User 762,user762@gmail.com,123456
U0763,User 763,user763@gmail.com,123456
U0764,User 764,user764@gmail.com,123456
U0765,User 765,user765@gmail.com,123456
U0766,User 766,user766@gmail.com,123456
U0767,User 767,user767@gmail.com,123456
U0768,User 768,user768@gmail.com,123456
U0769,User 769,user769@gmail.com,123456
U0770,User 770,user770@gmail.com,123456
U0771,User 771,user771@gmail.com,123456
U0772,User 772,user772@gmail.com,123456
U0773,User 773,user773@gmail.com,123456
U0774,User 774,user774@gmail.com,123456
U0775,User 775,,123456
U0776,User 776,user776@gmail.com,123456
U0777,User 777,user777@gmail.com,123456
U0778,User 778,user778@gmail.com,123456
U0779,User 779,user779@gmail.com,123456
U0780,,user780@gmail.com,123456
U0781,User 781,user781@gmail.com,123456
U0782,User 782,user782@gmail.com,123456
U0783,User 783,user783@gmail.com,123456
U0784,User 784,user784@gmail.com,123456
U0785,User 785,user785@gmail.com,123456
U0786,User 786,user786@gmail.com,123456
U0787,User 787,user787@gmail.com,123456
U0788,User 788,user788@gmail.com,123456
U0789,User 789,user789@gmail.com,123456
U0790,User 790,user790@gmail.com,123456
U0791,User 791,user791@gmail.com,123456
U0792,User 792,user792@gmail.com,123456
U0793,User 793,user793@gmail.com,123456
U0794,User 794,user794@gmail.com,123456
U0795,User 795,user795@gmail.com,123456
U0796,User 796,user796@gmail.com,123456
U0797,User 797,user797@gmail.com,123456
U0798,User 798,user798@gmail.com,123456
U0799,User 799,user799@gmail.com,123456
U0800,,,123456
U0801,User 801,user801@gmail.com,123456
U0802,User 802,user802@gmail.com,123456
U0803,User 803,user803@gmail.com,123456
U0804,User 804,user804@gmail.com,123456
U0805,User 805,user805@gmail.com,123456
U0806,User 806,user806@gmail.com,123456
U0807,User 807,user807@gmail.com,123456
U0808,User 808,user808@gmail.com,123456
U0809,User 809,user809@gmail.com,123456
U0810,User 810,user810@gmail.com,123456
U0811,User 811,user811@gmail.com,123456
U0812,User 812,user812@gmail.com,123456
U0813,User 813,user813@gmail.com,123456
U0814,User 814,user814@gmail.com,123456
U0815,User 815,user815@gmail.com,123456
U0816,User 816,user816@gmail.com,123456
U0817,User 817,user817@gmail.com,123456
U0818,User 818,user818@gmail.com,123456
U0819,User 819,user819@gmail.com,123456
U0820,,user820@gmail.com,123456
U0821,User 821,user821@gmail.com,123456
U0822,User 822,user822@gmail.com,123456
U0823,User 823,user823@gmail.com,123456
U0824,User 824,user824@gmail.com,123456
U0825,User 825,,123456
U0826,User 826,user826@gmail.com,123456
U0827,User 827,user827@gmail.com,123456
U0828,User 828,user828@gmail.com,123456
U0829,User 829,user829@gmail.com,123456
U0830,User 830,user830@gmail.com,123456
U0831,User 831,user831@gmail.com,123456
U0832,User 832,user832@gmail.com,123456
U0833,User 833,user833@gmail.com,123456
U0834,User 834,user834@gmail.com,123456
U0835,User 835,user835@gmail.com,123456
U0836,User 836,user836@gmail.com,123456
U0837,User 837,user837@gmail.com,123456
U0838,User 838,user838@gmail.com,123456
U0839,User 839,user839@gmail.com,123456
U0840,,user840@gmail.com,123456
U0841,User 841,user841@gmail.com,123456
U0842,User 842,user842@gmail.com,123456
U0843,User 843,user843@gmail.com,123456
U0844,User 844,user844@gmail.com,123456
U0845,User 845,user845@gmail.com,123456
U0846,User 846,user846@gmail.com,123456
U0847,User 847,user847@gmail.com,123456
U0848,User 848,user848@gmail.com,123456
U0849,User 849,user849@gmail.com,123456
U0850,User 850,,123456
U0851,User 851,user851@gmail.com,123456
U0852,User 852,user852@gmail.com,123456
U0853,User 853,user853@gmail.com,123456
U0854,User 854,user854@gmail.com,123456
U0855,User 855,user855@gmail.com,123456
U0856,User 856,user856@gmail.com,123456
U0857,User 857,user857@gmail.com,123456
U0858,User 858,user858@gmail.com,123456
U0859,User 859,user859@gmail.com,123456
U0860,,user860@gmail.com,123456
U0861,User 861,user861@gmail.com,123456
U0862,User 862,user862@gmail.com,123456
U0863,User 863,user863@gmail.com,123456
U0864,User 864,user864@gmail.com,123456
U0865,User 865,user865@gmail.com,123456
U0866,User 866,user866@gmail.com,123456
U0867,User 867,user867@gmail.com,123456
U0868,User 868,user868@gmail.com,123456
U0869,User 869,user869@gmail.com,123456
U0870,User 870,user870@gmail.com,123456
U0871,User 871,user871@gmail.com,123456
U0872,User 872,user872@gmail.com,123456
U0873,User 873,user873@gmail.com,123456
U0874,User 874,user874@gmail.com,123456
U0875,User 875,,123456
U0876,User 876,user876@gmail.com,123456
U0877,User 877,user877@gmail.com,123456
U0878,User 878,user878@gmail.com,123456
U0879,User 879,user879@gmail.com,123456
U0880,,user880@gmail.com,123456
U0881,User 881,user881@gmail.com,123456
U0882,User 882,user882@gmail.com,123456
U0883,User 883,user883@gmail.com,123456
U0884,User 884,user884@gmail.com,123456
U0885,User 885,user885@gmail.com,123456
U0886,User 886,user886@gmail.com,123456
U0887,User 887,user887@gmail.com,123456
U0888,User 888,user888@gmail.com,123456
U0889,User 889,user889@gmail.com,123456
U0890,User 890,user890@gmail.com,123456
U0891,User 891,user891@gmail.com,123456
U0892,User 892,user892@gmail.com,123456
U0893,User 893,user893@gmail.com,123456
U0894,User 894,user894@gmail.com,123456
U0895,User 895,user895@gmail.com,123456
U0896,User 896,user896@gmail.com,123456
U0897,User 897,user897@gmail.com,123456
U0898,User 898,user898@gmail.com,123456
U0899,User 899,user899@gmail.com,123456
U0900,,,123456
U0901,User 901,user901@gmail.com,123456
U0902,User 902,user902@gmail.com,123456
U0903,User 903,user903@gmail.com,123456
U0904,User 904,user904@gmail.com,123456
U0905,User 905,user905@gmail.com,123456
U0906,User 906,user906@gmail.com,123456
U0907,User 907,user907@gmail.com,123456
U0908,User 908,user908@gmail.com,123456
U0909,User 909,user909@gmail.com,123456
U0910,User 910,user910@gmail.com,123456
U0911,User 911,user911@gmail.com,123456
U0912,User 912,user912@gmail.com,123456
U0913,User 913,user913@gmail.com,123456
U0914,User 914,user914@gmail.com,123456
U0915,User 915,user915@gmail.com,123456
U0916,User 916,user916@gmail.com,123456
U0917,User 917,user917@gmail.com,123456
U0918,User 918,user918@gmail.com,123456
U0919,User 919,user919@gmail.com,123456
U0920,,user920@gmail.com,123456
U0921,User 921,user921@gmail.com,123456
U0922,User 922,user922@gmail.com,123456
U0923,User 923,user923@gmail.com,123456
U0924,User 924,user924@gmail.com,123456
U0925,User 925,,123456
U0926,User 926,user926@gmail.com,123456
U0927,User 927,user927@gmail.com,123456
U0928,User 928,user928@gmail.com,123456
U0929,User 929,user929@gmail.com,123456
U0930,User 930,user930@gmail.com,123456
U0931,User 931,user931@gmail.com,123456
U0932,User 932,user932@gmail.com,123456
U0933,User 933,user933@gmail.com,123456
U0934,User 934,user934@gmail.com,123456
U0935,User 935,user935@gmail.com,123456
U0936,User 936,user936@gmail.com,123456
U0937,User 937,user937@gmail.com,123456
U0938,User 938,user938@gmail.com,123456
U0939,User 939,user939@gmail.com,123456
U0940,,user940@gmail.com,123456
U0941,User 941,user941@gmail.com,123456
U0942,User 942,user942@gmail.com,123456
U0943,User 943,user943@gmail.com,123456
U0944,User 944,user944@gmail.com,123456
U0945,User 945,user945@gmail.com,123456
U0946,User 946,user946@gmail.com,123456
U0947,User 947,user947@gmail.com,123456
U0948,User 948,user948@gmail.com,123456
U0949,User 949,user949@gmail.com,123456
U0950,User 950,,123456
U0951,User 951,user951@gmail.com,123456
U0952,User 952,user952@gmail.com,123456
U0953,User 953,user953@gmail.com,123456
U0954,User 954,user954@gmail.com,123456
U0955,User 955,user955@gmail.com,123456
U0956,User 956,user956@gmail.com,123456
U0957,User 957,user957@gmail.com,123456
U0958,User 958,user958@gmail.com,123456
U0959,User 959,user959@gmail.com,123456
U0960,,user960@gmail.com,123456
U0961,User 961,user961@gmail.com,123456
U0962,User 962,user962@gmail.com,123456
U0963,User 963,user963@gmail.com,123456
U0964,User 964,user964@gmail.com,123456
U0965,User 965,user965@gmail.com,123456
U0966,User 966,user966@gmail.com,123456
U0967,User 967,user967@gmail.com,123456
U0968,User 968,user968@gmail.com,123456
U0969,User 969,user969@gmail.com,123456
U0970,User 970,user970@gmail.com,123456
U0971,User 971,user971@gmail.com,123456
U0972,User 972,user972@gmail.com,123456
U0973,User 973,user973@gmail.com,123456
U0974,User 974,user974@gmail.com,123456
U0975,User 975,,123456
U0976,User 976,user976@gmail.com,123456
U0977,User 977,user977@gmail.com,123456
U0978,User 978,user978@gmail.com,123456
U0979,User 979,user979@gmail.com,123456
U0980,,user980@gmail.com,123456
U0981,User 981,user981@gmail.com,123456
U0982,User 982,user982@gmail.com,123456
U0983,User 983,user983@gmail.com,123456
U0984,User 984,user984@gmail.com,123456
U0985,User 985,user985@gmail.com,123456
U0986,User 986,user986@gmail.com,123456
U0987,User 987,user987@gmail.com,123456
U0988,User 988,user988@gmail.com,123456
U0989,User 989,user989@gmail.com,123456
U0990,User 990,user990@gmail.com,123456
U0991,User 991,user991@gmail.com,123456
U0992,User 992,user992@gmail.com,123456
U0993,User 993,user993@gmail.com,123456
U0994,User 994,user994@gmail.com,123456
U0995,User 995,user995@gmail.com,123456
U0996,User 996,user996@gmail.com,123456
U0997,User 997,user997@gmail.com,123456
U0998,User 998,user998@gmail.com,123456
U0999,User 999,user999@gmail.com,123456
U1000,,,123456
